Season,Name,Tm,IP,TBF,K/9,BB/9,K/BB,HR/9,K%,BB%,K-BB%,AVG,WHIP,BABIP,LOB%,FIP,xFIP,playerId
"Total","Neftali Feliz","PIT",0.2,1,0,0,0,0,0,0,0,0,0,0,1,3.1465603828430178,3.1465603828430178,18
"Total","Xavier Cedeno","3 Tms",0.2,4,13.50000014,0,1,0,0.25,0,0.25,0.5,3.00000003,0.66666667,-0.5,0.1482844767882514,0.1482844767882514,36
"Total","Rafael Betancourt","COL",0,1,0,0,0,0,0,0,0,1,1,1,-1,3.13359375,3.13359375,177
"Total","Fernando Rodney","CHC",0.1,1,0,0,0,0,0,0,0,0,0,0,1,3.13359375,3.13359375,494
"Total","Grant Balfour","TBR",0.1,1,0,0,0,0,0,0,0,0,0,0,1,3.13359375,7.560615916116898,718
"Total","Joe Beimel","SEA",0.2,4,0,13.49999993,0,0,0,0.25,-0.25,0.5,2.99999999,0.33333333,0.5,7.633593727500001,9.847104777355783,979
"Total","Tommy Hunter","3 Tms",1.1,4,13.50000003,0,2,0,0.5,0,0.5,0,0,0,1,0.14087589744132245,1.251152953185756,1157
"Total","Matt Bush","TEX",0.2,3,13.50000014,0,1,0,0.33333333,0,0.33333333,0.5,1.50000002,0.5,-1,0.15709893089646032,2.655500076185533,1246
"Total","Adam Ottavino","4 Tms",1.2,4,5.40000002,0,1,0,0.25,0,0.25,0,0,0,1,1.9741831257032405,2.965152188538386,1247
"Total","Blake Wood","CIN",0.1,2,27.00000027,0,1,27.00000027,0.5,0,0.5,0.5,3.00000003,0,1,36.157640024213876,2.494058584491585,1345
"Total","Andrew Bailey","2 Tms",0.2,2,0,0,0,0,0,0,0,0,0,0,1,3.141373729690251,7.568395829401816,1368
"Total","Joaquin Benoit","PHI",0,1,0,0,0,0,0,0,0,1,1,1,-2,3.1576396942138674,4.9364459931850435,1437
"Total","Jon Edwards","SDP",0.1,1,0,0,0,0,0,0,0,0,0,0,1,3.13359375,7.560615916116898,1483
"Total","Oliver Perez","2 Tms",0.2,3,13.50000014,0,1,0,0.33333333,0,0.33333333,0.5,1.50000002,0.5,-2,0.18028489927551306,2.6786860445645857,1514
"Total","Sean Doolittle","CIN",0.1,3,0,27.00000027,0,0,0,0.33333333,-0.33333333,0.5,6.00000006,0.5,0,12.17003421246704,17.46312064516437,1581
"Total","Francisco Rodriguez","DET",0,1,0,0,0,9,0,0,0,1,1,0,7.5,16.157639694213866,4.9364459931850435,1642
"Total","Kevin Gregg","CIN",0.1,1,27.00000027,0,1,0,1,0,1,0,0,0,1,-2.8664063100000003,-2.8664063100000003,1793
"Total","Neal Cotts","MIL",0,1,0,0,0,0,0,0,0,1,1,1,-1,3.13359375,4.609267790615559,1797
"Total","Matt Belisle","MIN",0.2,2,13.50000014,0,1,0,0.5,0,0.5,0,0,0,1,0.15903560499450675,2.8272450801333657,1837
"Total","Edwin Jackson","MIA",0.1,2,0,0,0,0,0,0,0,0.5,3.00000003,0.5,1,3.146560382843018,13.140164963999311,1841
"Total","Ryan Madson","LAD",0.1,1,0,0,0,0,0,0,0,0,0,0,1,3.160431575775147,8.115276919679946,1852
"Total","Matt Moore","2 Tms",0.2,2,13.50000014,0,1,0,0.5,0,0.5,0,0,0,1,0.18373565058013863,0.18373565058013863,1890
"Total","Matt Thornton","WSN",0,0,0,0,0,0,0,0,0,0,0,0,1,3.13359375,3.13359375,1918
"Total","Jorge De La Rosa","ARI",0.1,1,27.00000027,0,1,0,1,0,1,0,0,0,1,-2.842360365786133,-2.842360365786133,2047
"Total","Chien-Ming Wang","KCR",0.1,2,27.00000027,0,1,0,0.5,0,0.5,0.5,3.00000003,1,1,-2.8534396771569823,-2.8534396771569823,2074
"Total","Blaine Boyer","BOS",0,0,0,0,0,0,0,0,0,0,0,0,1,3.1576396942138674,3.1576396942138674,2237
"Total","Brandon Gomes","TBR",0.1,3,0,0,0,0,0,0,0,1,6.00000006,0.66666667,1,3.13359375,7.560615916116898,2267
"Total","Joel Peralta","LAD",0,1,0,0,0,9,0,0,0,1,1,0,1,16.13359375,4.609267790615559,2332
"Total","Hector Rondon","CHC",0.1,1,0,0,0,0,0,0,0,0,0,0,1,3.1576396942138674,8.494058644491584,2391
"Total","Jhoulys Chacin","COL",1,2,0,0,0,0,0,0,0,0,0,0,1,3.1316320417391417,4.895994168327963,2608
"Total","Brett Cecil","2 Tms",1,4,9,0,1,0,0.25,0,0.25,0.5,1,0.33333333,-2,1.151184113774157,2.816784860644198,2660
"Total","Joba Chamberlain","CLE",0.1,1,0,0,0,0,0,0,0,0,0,0,1,3.146560382843018,3.146560382843018,2692
"Total","Ross Detwiler","4 Tms",0.2,3,27.00000027,0,2,0,0.66666667,0,0.66666667,0.333333333,1.50000002,1,-3,-2.834629583690887,-2.834629583690887,2859
"Total","Santiago Casilla","OAK",0.2,2,0,0,0,0,0,0,0,0,0,0,1,3.159035634994507,5.827245110133366,2873
"Total","Luis Avilan","3 Tms",1.2,4,0,0,0,0,0,0,0,0,0,0,1,3.155064010652323,4.146033073487469,2882
"Total","Zach McAllister","CLE",0,1,0,0,0,0,0,0,0,1,1,1,-1,3.1465603828430178,4.812161129713059,2895
"Total","Josh Ravin","LAD",0.2,3,27.00000027,13.50000014,2,0,0.66666667,0.33333333,0.33333333,0,1.50000002,0,1,1.645616707106934,1.645616707106934,2951
"Total","Tony Watson","3 Tms",1.2,5,16.20000006,0,3,0,0.6,0,0.6,0,0,0,1,-0.44605275636548836,1.5066354551973051,3132
"Total","David Price","LAD",0,1,0,0,0,0,0,0,0,1,1,1,-1,3.170034122467041,3.170034122467041,3184
"Total","Will Harris","HOU",1.2,6,0,0,0,5.40000002,0,0,0,0.333333333,1.2,0.2,0,10.956017704137587,6.099674947335528,3192
"Total","Chris Young","KCR",0.1,1,27.00000027,0,1,0,1,0,1,0,0,0,1,-2.8534396771569823,-2.8534396771569823,3196
"Total","Francisco Liriano","PIT",0.1,1,0,0,0,0,0,0,0,0,0,0,1,3.2140094757080084,3.2140094757080084,3201
"Total","T.J. McFarland","4 Tms",0.2,4,0,0,0,13.50000014,0,0,0,0.25,1.50000002,0,17.5,22.677339029215695,5.39084991727414,3237
"Total","Joe Smith","3 Tms",0.2,2,0,0,0,0,0,0,0,0.5,1.50000002,0.5,-2,3.148057222440579,3.148057222440579,3281
"Total","Anibal Sanchez","DET",0.1,1,0,0,0,0,0,0,0,0,0,0,1,3.146560382843018,8.143362673421164,3284
"Total","Chris Hatcher","LAD",0,1,0,0,0,0,0,0,0,1,1,1,-4,3.1576396942138674,3.1576396942138674,3299
"Total","Darren O'Day","BAL",0.2,3,13.49999993,0,1,0,0.33333333,0,0.33333333,0.333333333,1.49999999,0.5,0,0.1480213314994656,2.3615323813552482,3321
"Total","Cesar Ramos","LAA",1,4,0,0,0,0,0,0,0,0.25,1,0.25,1,3.13359375,6.084941831231117,3357
"Total","Clay Buchholz","BOS",0,0,0,0,0,0,0,0,0,0,0,0,1,3.1465603828430178,3.1465603828430178,3543
"Total","Liam Hendriks","2 Tms",0.2,3,13.50000014,0,1,0,0.33333333,0,0.33333333,0.333333333,1.50000002,0.5,-2,0.15061461313907376,0.15061461313907376,3548
"Total","Clayton Richard","CHC",0.1,1,0,0,0,0,0,0,0,0,0,0,1,3.13359375,3.13359375,3551
"Total","Tony Barnette","TEX",0.2,2,0,0,0,0,0,0,0,0,0,0,1,3.152100038528443,8.318710658956375,3555
"Total","Jim Johnson","LAA",0,0,0,0,0,0,0,0,0,0,0,0,1,3.1604315757751467,3.1604315757751467,3656
"Total","Cesar Jimenez","MIL",0,1,0,0,0,9,0,0,0,1,1,0,7.5,16.13359375,3.13359375,3762
"Total","Zach Duke","3 Tms",2.1,6,3.85714285,3.85714285,1,0,0.16666667,0.16666667,0,0.2,0.85714285,0.25,1,3.5815090303420902,4.29533791981831,3840
"Total","Gavin Floyd","TOR",0.2,1,0,0,0,0,0,0,0,0,0,0,1,3.1465603828430178,5.644961490656073,3886
"Total","Casey Fien","MIN",0.1,1,0,0,0,0,0,0,0,0,0,0,1,3.13359375,7.560615916116898,3926
"Total","Matt Magill","MIN",0.2,2,13.50000014,0,1,0,0.5,0,0.5,0,0,0,1,0.1872204957415775,2.6646431676939772,3950
"Total","David Carpenter","NYY",0.1,2,0,27.00000027,0,0,0,0.5,-0.5,0,3.00000003,0,1,12.13359384,16.5606160061169,3959
"Total","Edward Mujica","OAK",0,2,0,0,0,9,0,0,0,1,1,0,2.5,16.13359375,3.13359375,3970
"Total","Enny Romero","TBR",0.1,1,0,0,0,0,0,0,0,0,0,0,1,3.1368354081864416,8.133637698764588,4001
"Total","Yusmeiro Petit","4 Tms",1.2,6,10.80000011,5.40000005,2,0,0.33333333,0.16666667,0.16666667,0,0.60000001,0,-2,2.5624469697080077,5.438180929827976,4020
"Total","Hector Santiago","CHW",0.1,1,0,0,0,0,0,0,0,0,0,0,1,3.160431575775147,8.115276919679946,4026
"Total","Brian Duensing","2 Tms",0.2,2,0,0,0,0,0,0,0,0,0,0,1,3.153495979309082,5.6309186512614815,4064
"Total","Pedro Strop","CHC",1,4,9.00000009,0,1,0,0.25,0,0.25,0.333333333,1.00000001,0.33333333,-1,1.1773602285656741,1.1773602285656741,4070
"Total","Junichi Tazawa","2 Tms",1.1,4,6.74999997,0,1,0,0.25,0,0.25,0,0,0,1,1.6456167296069342,2.7523722545348255,4079
"Total","James Russell","PHI",0,2,0,0,0,0,0,0,0,1,2,1,-0.5,3.1465603828430178,3.1465603828430178,4089
"Total","Edward Paredes","LAD",0,0,0,0,0,0,0,0,0,0,0,0,1,3.1576396942138674,3.1576396942138674,4168
"Total","Rafael Dolis","TOR",0.1,1,27.00000027,0,1,0,1,0,1,0,0,0,1,-2.808580744661865,-2.808580744661865,4185
"Total","David Hernandez","CIN",1,5,9,9,1,0,0.2,0.2,0,0.333333333,2,0.33333333,-0.5,4.196150175908981,7.8369711559810025,4259
"Total","Manny Parra","CIN",0.1,1,0,0,0,0,0,0,0,0,0,0,1,3.13359375,7.560615916116898,4279
"Total","Matt Albers","3 Tms",1.1,8,6.75000002,6.75000002,1,0,0.125,0.125,0,0.5,3.00000001,0.5,0,3.919395911958918,3.919395911958918,4300
"Total","Justin Wilson","3 Tms",2,6,13.5,0,3,0,0.5,0,0.5,0.166666666,0.5,0.33333333,1,0.17074453027752456,0.9965520793369156,4301
"Total","Tyler Chatwood","TOR",0,1,0,9,0,0,0,1,-1,0,1,0,-1,6.170034122467041,6.170034122467041,4338
"Total","Craig Breslow","BOS",0.1,1,0,0,0,0,0,0,0,0,0,0,1,3.13359375,7.560615916116898,4363
"Total","Jordan Zimmermann","DET",0,1,0,0,0,0,0,0,0,1,1,1,-1,3.191419315338135,3.191419315338135,4505
"Total","Jason Hammel","KCR",0,0,0,0,0,0,0,0,0,0,0,0,1,3.1604315757751467,3.1604315757751467,4538
"Total","Chris Smith","OAK",0,2,0,9,0,0,0,0.5,-0.5,1,2,1,1,6.146560382843018,6.146560382843018,4544
"Total","Joe Thatcher","HOU",0,0,0,0,0,0,0,0,0,0,0,0,1,3.13359375,3.13359375,4620
"Total","Pat Neshek","HOU",0.2,2,0,0,0,0,0,0,0,0,0,0,1,3.140077066421509,5.3535881494799575,4682
"Total","Nate Jones","2 Tms",0.2,2,0,0,0,0,0,0,0,0.5,1.49999999,0.5,1,3.1728266716375275,5.650249306428588,4696
"Total","Jonathan Broxton","2 Tms",0.2,2,13.49999993,0,1,0,0.5,0,0.5,0,0,0,1,0.141373744690251,2.3548847945460336,4759
"Total","Rich Hill","SDP",0.1,2,0,0,0,0,0,0,0,1,3.00000003,0.5,1,3.2550403594970705,8.215095670947981,4806
"Total","Joe Blanton","LAD",0.2,4,13.49999993,13.49999993,1,0,0.25,0.25,0,0.5,2.99999999,0.5,1,4.646560375343018,9.64336259096913,4849
"Total","Mike Montgomery","SEA",0.1,1,0,0,0,0,0,0,0,0,0,0,1,3.146560382843018,3.146560382843018,4869
"Total","Peter Moylan","2 Tms",0.2,3,13.49999993,0,1,0,0.33333333,0,0.33333333,0.333333333,1.49999999,0.5,1,0.1432121427144022,0.1432121427144022,4891
"Total","Justin De Fratus","PHI",0.1,2,0,0,0,0,0,0,0,0.5,3.00000003,0.5,1,3.13359375,7.560615916116898,4955
"Total","Fernando Salas","2 Tms",1,2,0,0,0,0,0,0,0,0,0,0,1,3.141609064657803,4.92041536362898,4971
"Total","Fernando Abad","2 Tms",0.2,3,0,0,0,0,0,0,0,0.5,1.50000002,0.33333333,1,3.148776245103892,3.148776245103892,4994
"Total","Jake Diekman","4 Tms",1.1,5,27.00000027,0,4,0,0.8,0,0.8,0.2,0.75000001,1,-5,-2.832374251335721,-2.832374251335721,5003
"Total","Bo Schultz","TOR",0.1,1,0,0,0,0,0,0,0,0,0,0,1,3.13359375,3.13359375,5028
"Total","Josh Fields","2 Tms",0.1,2,0,0,0,27.00000027,0,0,0,1,3.00000003,0,2.5,42.15162859820549,12.9150693246001,5070
"Total","Franklin Morales","KCR",0.1,1,27.00000027,0,1,0,1,0,1,0,0,0,1,-2.8664063100000003,-2.8664063100000003,5088
"Total","Jeurys Familia","2 Tms",1,3,18.00000018,0,2,0,0.66666667,0,0.66666667,0,0,0,1,-0.8060144664491569,0.9583476777832862,5114
"Total","Brandon Mann","TEX",0.1,1,0,0,0,0,0,0,0,0,0,0,1,3.160431575775147,8.115276919679946,5172
"Total","Ernesto Frieri","TEX",0,0,0,0,0,0,0,0,0,0,0,0,1,3.1576396942138674,3.1576396942138674,5178
"Total","Mike Pelfrey","CHW",0.1,1,0,0,0,0,0,0,0,0,0,0,1,3.1576396942138674,3.1576396942138674,5203
"Total","Blake Parker","NYY",0,2,0,0,0,0,0,0,0,1,2,1,-1,3.1465603828430178,3.1465603828430178,5224
"Total","Vin Mazzaro","MIA",0,0,0,0,0,0,0,0,0,0,0,0,1,3.13359375,3.13359375,5231
"Total","Jose Alvarez","2 Tms",1.2,4,5.39999999,0,1,0,0.25,0,0.25,0,0,0,1,1.9818431877283063,1.9818431877283063,5358
"Total","Manny Banuelos","2 Tms",0.1,2,0,0,0,0,0,0,0,0.5,3.00000003,0.5,1,3.1124310016632077,7.553539257949252,5365
"Total","Brad Peacock","HOU",0,1,0,0,0,0,0,0,0,0,0,0,0,6.160431575775147,6.160431575775147,5401
"Total","Pedro Baez","LAD",1.1,6,6.75000002,13.50000003,0.5,0,0.16666667,0.33333333,-0.16666667,0,1.5,0,-1,6.169080387577749,8.60994064836995,5420
"Total","Jesse Chavez","3 Tms",1,6,9.00000009,9.00000009,1,0,0.16666667,0.16666667,0,0.333333333,2.00000002,0.33333333,0.33333333,7.160798740579342,7.160798740579342,5448
"Total","Dana Eveland","TBR",0.1,2,27.00000027,27.00000027,1,0,0.5,0.5,0,0,3.00000003,0,-1,6.1465604128430185,6.1465604128430185,5508
"Total","Boone Logan","COL",0.1,3,27.00000027,27.00000027,1,27.00000027,0.33333333,0.33333333,0,0.5,6.00000006,0,-3.33333333,45.14656080284303,11.143362703421165,5525
"Total","Ryan Brasier","2 Tms",0.2,3,0,0,0,13.50000014,0,0,0,0.5,1.50000002,0,2.5,22.71150026749431,8.672731597214653,5615
"Total","Tyler Clippard","3 Tms",1,4,18,0,2,9,0.5,0,0.5,0.25,1,0,1,12.172754875781237,2.8275615046045184,5640
"Total","Brooks Brown","COL",0.1,2,27.00000027,0,1,0,0.5,0,0.5,0.5,3.00000003,1,-1,-2.8664063100000003,-2.8664063100000003,5679
"Total","Junior Guerra","3 Tms",1,4,18,9,2,0,0.5,0.25,0.25,0,1,0,-3,2.1844917455932498,2.1844917455932498,5702
"Total","Eric O'Flaherty","ATL",0.1,1,0,0,0,0,0,0,0,0,0,0,1,3.1576396942138674,8.494058644491584,5746
"Total","Bruce Rondon","2 Tms",0.2,3,27.00000027,0,2,0,0.66666667,0,0.66666667,0.333333333,1.50000002,1,-2,-2.8465040806909183,-2.8465040806909183,5766
"Total","Jhan Marinez","MIL",0.1,2,0,0,0,0,0,0,0,0,0,0,1,3.154869866391928,3.154869866391928,5830
"Total","Jason Motte","2 Tms",0.2,2,0,0,0,0,0,0,0,0,0,0,1,3.145616722106934,8.027337280304241,5861
"Total","Danny Salazar","CLE",0.1,1,27.00000027,0,1,0,1,0,1,0,0,0,1,-2.842360365786133,-2.842360365786133,5867
"Total","Wesley Wright","LAA",0.1,1,27.00000027,0,1,0,1,0,1,0,0,0,1,-2.8664063100000003,-2.8664063100000003,5960
"Total","Kelvin Herrera","2 Tms",0.2,3,0,0,0,0,0,0,0,0.5,1.49999999,0.33333333,0,3.1657600403797024,6.149568848390517,6033
"Total","Albert Suarez","SFG",0.1,1,27.00000027,0,1,0,1,0,1,0,0,0,1,-2.8534396771569823,-2.8534396771569823,6175
"Total","Dellin Betances","NYY",0.2,2,0,0,0,0,0,0,0,0,0,0,1,3.1470126628875734,5.624435334839973,6216
"Total","Diego Moreno","NYY",0.1,1,0,0,0,0,0,0,0,0,0,0,1,3.13359375,3.13359375,6238
"Total","Tom Gorzelanny","DET",0.1,3,0,27.00000027,0,0,0,0.33333333,-0.33333333,1,9.00000009,1,1,12.13359384,12.133593840000003,6244
"Total","Trevor Cahill","LAA",0.1,1,0,0,0,0,0,0,0,0,0,0,1,3.2140094757080084,9.181627181243904,6249
"Total","David Phelps","2 Tms",0.2,2,0,13.49999993,0,0,0,0.5,-0.5,0,1.49999999,0,-2,7.651721049719852,7.651721049719852,6316
"Total","Al Alburquerque","4 Tms",0.2,3,13.50000014,0,1,0,0.33333333,0,0.33333333,0.333333333,1.50000002,0.5,-1,0.15324900729870716,0.15324900729870716,6324
"Total","Trevor May","MIN",0.2,1,0,0,0,0,0,0,0,0,0,0,1,3.1335937500000006,5.347104799855783,6398
"Total","Jose Cisnero","DET",0.2,2,0,0,0,0,0,0,0,0.5,1.49999999,0.5,0,3.233788800159869,5.713816418684909,6399
"Total","Kevin Jepsen","3 Tms",0.2,2,0,0,0,0,0,0,0,0,0,0,1,3.152289772082542,5.365800855140991,6475
"Total","Steve Cishek","6 Tms",2,5,0,0,0,0,0,0,0,0,0,0,-4,4.642607474798532,5.380444491417126,6483
"Total","Blaine Hardy","DET",0,0,0,0,0,0,0,0,0,0,0,0,1,3.214009475708008,3.214009475708008,6499
"Total","Robert Stock","2 Tms",0.1,1,0,0,0,0,0,0,0,0,0,0,1,3.208361935657896,8.993207122161781,6576
"Total","Marc Rzepczynski","3 Tms",0.1,6,0,0,0,0,0,0,0,1,18.00000018,1,-0.66666667,3.1476213821920944,8.144423672770241,6612
"Total","Brad Brach","BAL",1,4,0,0,0,0,0,0,0,0.333333333,1,0.25,0,3.13359375,4.609267790615559,6627
"Total","Craig Kimbrel","CHC",0.1,1,27.00000027,0,1,0,1,0,1,0,0,0,1,-2.808580744661865,-2.808580744661865,6655
"Total","Alex Colome","3 Tms",0.2,3,0,0,0,0,0,0,0,0.5,1.50000002,0.33333333,-1,3.126263666069958,7.817197421080807,6661
"Total","Miguel Socolovich","STL",0.1,1,27.00000027,0,1,0,1,0,1,0,0,0,1,-2.8534396771569823,-2.8534396771569823,6697
"Total","Tyler Sturdevant","TBR",0.1,1,27.00000027,0,1,0,1,0,1,0,0,0,1,-2.8534396771569823,-2.8534396771569823,6780
"Total","Andrew Miller","2 Tms",2.1,8,15.42857145,7.71428573,2,0,0.5,0.25,0.25,0,0.85714286,0,0,2.320853087464219,2.320853087464219,6785
"Total","Robbie Ross Jr.","BOS",1.1,5,13.50000003,0,2,0,0.4,0,0.4,0.4,1.5,0.66666667,-1.5,0.14284688669482293,0.14284688669482337,6819
"Total","Sam Freeman","2 Tms",1,3,9.00000009,0,1,0,0.33333333,0,0.33333333,0,0,0,1,1.1773602285656741,1.1773602285656741,6832
"Total","Jeff Manship","CLE",0.1,1,27.00000027,0,1,0,1,0,1,0,0,0,1,-2.8664063100000003,-2.8664063100000003,6865
"Total","Joakim Soria","4 Tms",1,3,18.00000018,0,2,0,0.66666667,0,0.66666667,0,0,0,1,-0.8463695927124886,-0.8463695927124886,6941
"Total","Luke Hochevar","KCR",0.2,2,13.49999993,0,1,0,0.5,0,0.5,0,0,0,1,0.14656039784301766,0.14656039784301766,6943
"Total","Drew Storen","3 Tms",0.2,6,0,13.49999993,0,0,0,0.16666667,-0.16666667,0.5,4.49999998,0.4,-2.66666667,7.649330188196117,12.985749058427551,6983
"Total","Luis Garcia","4 Tms",1.1,5,6.75000007,0,1,0,0.2,0,0.2,0.333333333,0.75000001,0.25,1,1.6991808979714962,4.356557243715258,6984
"Total","Ian Kennedy","2 Tms",0.1,4,0,54.00000054,0,0,0,0.5,-0.5,0,6.00000006,0,-2,21.239135278576626,21.23913527857663,6986
"Total","Ryan Pressly","2 Tms",0.1,2,0,0,0,0,0,0,0,0.5,3.00000003,0.5,1,3.1634226559327985,9.131040361468695,7005
"Total","Pat Venditte","TOR",0,0,0,0,0,0,0,0,0,0,0,0,1,3.1465603828430178,3.1465603828430178,7108
"Total","Daniel Bard","COL",0.1,1,0,0,0,0,0,0,0,0,0,0,1,3.2550403594970705,8.215095670947981,7115
"Total","Daniel Hudson","3 Tms",1.2,4,0,0,0,0,0,0,0,0.25,0.6,0.25,0,3.1587296246233842,3.1587296246233842,7146
"Total","Ryan Mattheus","CIN",0.1,1,27.00000027,0,1,0,1,0,1,0,0,0,1,-2.8664063100000003,-2.8664063100000003,7169
"Total","Jonny Venters","ATL",1,3,0,0,0,0,0,0,0,0.333333333,1,0.33333333,-2,3.1604315757751467,3.1604315757751467,7175
"Total","Greg Holland","WSN",0,1,0,9,0,0,0,1,-1,0,1,0,1,6.160431575775147,6.160431575775147,7196
"Total","Craig Stammen","2 Tms",2,7,4.50000002,0,1,0,0.14285714,0,0.14285714,0.5,1.50000001,0.5,0.33333333,2.167623785117236,2.9054608091142002,7274
"Total","Brad Ziegler","2 Tms",1.1,5,0,0,0,0,0,0,0,0.4,1.5,0.4,-1.5,3.1583376645989523,3.1583376645989523,7293
"Total","Preston Guilmet","MIL",0.1,1,0,0,0,0,0,0,0,0,0,0,1,3.13359375,7.560615916116898,7303
"Total","Casey Janssen","WSN",0,1,0,0,0,0,0,0,0,1,1,1,-1,3.13359375,3.13359375,7355
"Total","Dan Otero","CLE",0,0,0,0,0,0,0,0,0,0,0,0,1,3.1465603828430178,3.1465603828430178,7385
"Total","Austin Adams","DET",0,0,0,0,0,0,0,0,0,0,0,0,1,3.214009475708008,3.214009475708008,7411
"Total","Mark Lowe","TOR",0,1,0,0,0,0,0,0,0,1,1,1,-1,3.13359375,3.13359375,7416
"Total","Jay Jackson","SFG",0.1,1,0,0,0,0,0,0,0,0,0,0,1,3.1700341224670407,3.1700341224670407,7432
"Total","Phil Hughes","SDP",0.1,1,27.00000027,0,1,0,1,0,1,0,0,0,1,-2.8395684842248534,-2.8395684842248534,7450
"Total","Anthony Swarzak","ATL",0.1,1,27.00000027,0,1,0,1,0,1,0,0,0,1,-2.785990584291992,-2.785990584291992,7466
"Total","Tommy Layne","BOS",0,0,0,0,0,0,0,0,0,0,0,0,1,3.13359375,3.13359375,7501
"Total","Evan Scribner","2 Tms",0,1,0,0,0,0,0,0,0,1,1,1,-1,3.1456167221069338,3.1456167221069338,7525
"Total","Collin McHugh","2 Tms",0.2,2,13.50000014,0,1,0,0.5,0,0.5,0,0,0,1,0.22791239615764036,2.70533506811004,7531
"Total","Jake McGee","COL",1,5,0,0,0,0,0,0,0,0.5,2,0.4,-0.5,3.1708899657871052,8.92810802866476,7550
"Total","Nick Vincent","2 Tms",1,3,9,0,1,0,0.33333333,0,0.33333333,0.333333333,1,0.5,-2,1.1867552121526836,1.1867552121526836,7555
"Total","Jordan Lyles","COL",0.2,1,0,0,0,0,0,0,0,0,0,0,1,3.1509921074046527,3.1509921074046527,7593
"Total","Tommy Milone","SEA",0,0,0,0,0,0,0,0,0,0,0,0,1,3.214009475708008,3.214009475708008,7608
"Total","Carlos Torres","MIL",1,2,0,0,0,0,0,0,0,0,0,0,1,3.1465603828430178,4.812161129713059,7624
"Total","Wilfredo Boscan","PIT",0.2,1,0,0,0,0,0,0,0,0,0,0,1,3.1465603828430178,3.1465603828430178,7655
"Total","Neil Ramirez","2 Tms",0.1,1,0,0,0,0,0,0,0,0,0,0,1,3.1583376645989523,8.113183008503752,7677
"Total","Juan Nicasio","4 Tms",2.1,9,7.71428573,0,2,0,0.22222222,0,0.22222222,0.428571428,1.28571429,0.5,0,2.7272145264307177,3.579731334199987,7731
"Total","Wily Peralta","KCR",0.1,1,0,0,0,0,0,0,0,0,0,0,1,3.2140094757080084,3.2140094757080084,7738
"Total","Shawn Kelley","2 Tms",0.2,5,0,13.50000014,0,0,0,0.2,-0.2,0.666666666,4.50000005,0.5,0.33333333,7.640077111421509,9.853588194479958,7773
"Total","Richard Bleier","BAL",0.1,2,0,0,0,0,0,0,0,0,0,0,1,3.200615000825251,3.200615000825251,7803
"Total","Hunter Strickland","3 Tms",0.2,3,0,13.49999993,0,0,0,0.33333333,-0.33333333,0.5,2.99999999,0.5,-1,7.667476166567699,10.335685601683416,7836
"Total","Jerry Blevins","NYM",2,6,9,0,2,0,0.33333333,0,0.33333333,0.2,0.5,0.25,-1,1.155793142337191,2.8779966652577995,7841
"Total","Josh Lindblom","2 Tms",0.2,2,13.50000014,0,1,0,0.5,0,0.5,0,0,0,1,0.16383687834045357,2.8103800946891178,7882
"Total","Christian Friedrich","COL",0.1,1,0,0,0,0,0,0,0,0,0,0,1,3.13359375,7.560615916116898,7942
"Total","Cory Gearrin","SFG",0.1,2,0,0,0,0,0,0,0,1,3.00000003,0.5,1,3.1576396942138674,8.494058644491584,7947
"Total","Frank Herrmann","PHI",0,2,0,9,0,9,0,0.5,-0.5,1,2,0,0,19.146560382843017,7.812161129713059,7960
"Total","Anthony Bass","MIA",2.1,4,0,0,0,0,0,0,0,0,0,0,1,3.1288890362138564,4.519488259618063,7982
"Total","Marcus Walden","BOS",0.1,1,0,0,0,0,0,0,0,0,0,0,1,3.2140094757080084,3.2140094757080084,8004
"Total","Jason Gurka","COL",0.1,2,27.00000027,0,1,0,0.5,0,0.5,0.5,3.00000003,1,1,-2.8534396771569823,-2.8534396771569823,8007
"Total","Will Smith","4 Tms",1,5,0,0,0,0,0,0,0,0.5,2.00000002,0.4,-2.5,3.143958057299183,6.289928239587247,8048
"Total","Dan Jennings","2 Tms",2.1,9,7.71428573,3.85714286,2,0,0.22222222,0.11111111,0.11111111,0.142857142,0.85714286,0.16666667,0,2.7367382860820273,3.499083843873025,8073
"Total","Bryan Shaw","2 Tms",1,5,9.00000009,0,1,9.00000009,0.2,0,0.2,0.5,2.00000002,0.33333333,-5,14.154623994663623,4.471839742824605,8110
"Total","Kevin Siegrist","STL",0.1,2,0,27.00000027,0,0,0,0.5,-0.5,0,3.00000003,0,0,12.143318814656576,16.570340980773473,8180
"Total","J.P. Howell","LAD",0,1,0,0,0,0,0,0,0,1,1,1,0,3.13359375,3.13359375,8245
"Total","Tony Sipp","2 Tms",1,5,9.00000009,0,1,9.00000009,0.2,0,0.2,0.5,2.00000002,0.33333333,-3.33333333,14.161960425627345,4.592381727021518,8280
"Total","Lucas Luetge","NYY",1,5,9,0,1,0,0.2,0,0.2,0.25,1,0.25,-2,1.1508330823911068,6.15992673952707,8337
"Total","AJ Ramos","MIA",0,1,0,0,0,0,0,0,0,1,1,1,0,3.13359375,4.609267790615559,8350
"Total","Steve Geltz","TBR",0.2,1,0,0,0,0,0,0,0,0,0,0,1,3.1335937500000006,3.1335937500000006,8402
"Total","Deolis Guerra","LAA",0.1,1,0,0,0,0,0,0,0,0,0,0,1,3.146560382843018,8.143362673421164,8410
"Total","Buddy Boshers","MIN",0.1,1,0,0,0,0,0,0,0,0,0,0,1,3.1576396942138674,8.494058644491584,8490
"Total","Danny Farquhar","3 Tms",1,5,9,0,1,0,0.2,0,0.2,0.5,2,0.5,-2.5,1.146544075004821,4.590951120846038,8501
"Total","Justin Miller","COL",0.2,2,0,0,0,0,0,0,0,0,0,0,1,3.1465603828430178,5.644961490656073,8580
"Total","Dustin McGowan","2 Tms",0.1,4,0,27.00000027,0,0,0,0.25,-0.25,0.666666666,9.00000009,0.66666667,-0.33333333,12.13960532600838,12.139605326008382,8600
"Total","Tanner Roark","WSN",0.1,3,0,0,0,0,0,0,0,1,3.00000003,0.33333333,1,3.13359375,7.560615916116898,8753
"Total","Oliver Drake","2 Tms",0,1,0,0,0,9,0,0,0,1,1,0,7.5,16.185824584960937,5.175030466914177,8823
"Total","Antonio Bastardo","2 Tms",0.1,1,0,0,0,0,0,0,0,0,0,0,1,3.1433187246565755,7.5703408907734735,8844
"Total","Arcenio Leon","DET",0,1,0,0,0,0,0,0,0,1,1,1,-3,3.1576396942138674,3.1576396942138674,8846
"Total","Ryan Cook","OAK",0,0,0,0,0,0,0,0,0,0,0,0,1,3.13359375,3.13359375,8855
"Total","Arquimedes Caminero","PIT",0.1,1,0,0,0,0,0,0,0,0,0,0,1,3.146560382843018,8.143362673421164,8992
"Total","Cesar Valdez","BAL",0,1,0,0,0,9,0,0,0,1,1,0,2.5,16.17003412246704,4.934396249055863,9013
"Total","Adam Warren","2 Tms",0.1,2,27.00000027,0,1,0,0.5,0,0.5,0.5,3.00000003,1,-1,-2.831914498585765,-2.831914498585765,9029
"Total","Jeanmar Gomez","3 Tms",0.1,2,27.00000027,0,1,0,0.5,0,0.5,0.5,3.00000003,1,-2,-2.8178030477487965,-2.8178030477487965,9033
"Total","J.J. Hoover","CIN",0,1,0,0,0,0,0,0,0,1,1,1,1,3.13359375,3.13359375,9037
"Total","John Axford","OAK",0.1,2,0,27.00000027,0,0,0,0.5,-0.5,0,3.00000003,0,1,12.146560472843019,17.143362763421166,9059
"Total","Kirby Yates","3 Tms",0.1,3,0,27.00000027,0,0,0,0.33333333,-0.33333333,1,6.00000006,0.5,-2.5,12.16489362170917,17.12494893316008,9073
"Total","Zach Putnam","CHW",0.2,1,0,0,0,0,0,0,0,0,0,0,1,3.1465603828430178,3.1465603828430178,9080
"Total","Brad Hand","4 Tms",3.2,11,9.81818184,0,4,0,0.36363636,0,0.36363636,0.222222222,0.54545455,0.28571429,0,0.9731726129175531,2.3162934653049194,9111
"Total","Gregory Infante","CHW",0.2,2,0,0,0,0,0,0,0,0,0,0,1,3.159035634994507,8.304667782085765,9119
"Total","Nathan Eovaldi","BOS",0.2,2,0,13.49999993,0,0,0,0.5,-0.5,0,1.49999999,0,0,7.714009453208008,7.714009453208008,9132
"Total","Kyle Lobstein","PIT",0.1,1,0,0,0,0,0,0,0,0,0,0,1,3.146560382843018,3.146560382843018,9178
"Total","Alex Wilson","2 Tms",2,7,4.50000002,4.50000002,1,0,0.14285714,0.14285714,0,0,0.5,0,1,3.6634923164915296,3.6634923164915296,9239
"Total","Rob Scahill","MIL",0.1,1,0,0,0,0,0,0,0,0,0,0,1,3.146560382843018,3.146560382843018,9286
"Total","Jared Hughes","4 Tms",2.2,6,3.37499998,0,1,0,0.16666667,0,0.16666667,0.2,0.375,0.2,1,2.417134479394087,2.970512241858033,9325
"Total","Brandon Morrow","LAD",0,1,0,0,0,0,0,0,0,1,1,1,0,3.1576396942138674,3.1576396942138674,9346
"Total","Josh Tomlin","ATL",0,0,0,0,0,0,0,0,0,0,0,0,1,3.170034122467041,3.170034122467041,9388
"Total","Doug Fister","WSN",0,1,0,0,0,0,0,0,0,1,1,1,-3,3.13359375,3.13359375,9425
"Total","Ryan Buchter","3 Tms",1.1,5,13.50000003,0,2,0,0.4,0,0.4,0.25,0.75,0.33333333,1,0.16929108329479048,1.4184916465703228,9456
"Total","George Kontos","SFG",0.1,1,0,0,0,0,0,0,0,0,0,0,1,3.1576396942138674,8.494058644491584,9486
"Total","Jeremy Jeffress","2 Tms",1.1,5,13.50000003,0,2,0,0.4,0,0.4,0.333333333,0.75,0.5,0.5,2.429813097288943,2.4298130972889433,9490
"Total","Austin Bibens-Dirkx","TEX",0.1,1,0,0,0,0,0,0,0,0,0,0,1,3.1576396942138674,8.494058644491584,9559
"Total","Michael Blazek","MIL",0.2,2,0,0,0,0,0,0,0,0.5,1.49999999,0.5,1,3.1387804031527673,3.1387804031527673,9654
"Total","Vidal Nuno","2 Tms",0.1,2,0,0,0,27.00000027,0,0,0,1,3.00000003,0,5,42.15487025639193,8.491288816669647,9674
"Total","Louis Coleman","DET",1,2,0,0,0,0,0,0,0,0,0,0,1,3.1604315757751467,4.812046673893929,9720
"Total","Burke Badenhop","CIN",0.1,1,0,0,0,0,0,0,0,0,0,0,1,3.13359375,7.560615916116898,9736
"Total","David Hale","3 Tms",1.1,4,0,6.74999997,0,0,0,0.25,-0.25,0.333333333,1.49999999,0.33333333,-0.5,5.429854913109249,5.429854913109249,9756
"Total","Joe Kelly","3 Tms",2.2,11,13.50000003,3.37500001,4,0,0.36363636,0.09090909,0.27272727,0.333333333,1.5,0.5,0.25,1.2963968532832955,1.2963968532832955,9761
"Total","Garrett Richards","TEX",0,0,0,0,0,0,0,0,0,0,0,0,1,3.112431001663208,3.112431001663208,9784
"Total","Rex Brothers","COL",0,1,0,0,0,0,0,0,0,1,1,1,1,3.13359375,3.13359375,9794
"Total","Sergio Romo","OAK",0,0,0,0,0,0,0,0,0,0,0,0,1,3.170034122467041,3.170034122467041,9817
"Total","Chaz Roe","2 Tms",0,0,0,0,0,0,0,0,0,0,0,0,1,3.1470126628875734,3.1470126628875734,9866
"Total","Travis Wood","KCR",0.1,1,27.00000027,0,1,0,1,0,1,0,0,0,1,-2.842360365786133,-2.842360365786133,9884
"Total","Chris Rusin","COL",0.2,3,13.50000014,13.50000014,1,0,0.33333333,0.33333333,0,0,1.50000002,0,1,4.659035649994507,7.327245125133366,9895
"Total","Chris Volstad","CHW",0.1,1,0,0,0,0,0,0,0,0,0,0,1,3.160431575775147,3.160431575775147,9901
"Total","Pedro Villarreal","CIN",0,0,0,0,0,0,0,0,0,0,0,0,1,3.13359375,3.13359375,9904
"Total","Bobby Parnell","NYM",0,0,0,0,0,0,0,0,0,0,0,0,1,3.13359375,3.13359375,9926
"Total","Brandon Kintzler","2 Tms",0.1,2,0,0,0,0,0,0,0,1,3.00000003,0.5,-1,3.162832212430115,8.455918645127444,9939
"Total","Mike Dunn","2 Tms",1.1,8,13.50000003,0,2,0,0.25,0,0.25,0.428571428,2.25000001,0.5,-0.33333333,0.1670762464919231,3.1508850768813046,9948
"Total","Tom Wilhelmsen","2 Tms",0.1,2,27.00000027,0,1,0,0.5,0,0.5,0,0,0,1,-2.856681335343425,-2.856681335343425,9975
"Total","Christian Bethancourt","SDP",0,1,0,9,0,0,0,1,-1,0,1,0,-2,6.157639694213867,6.157639694213867,10028
"Total","Tyler Matzek","ATL",0.1,1,0,0,0,0,0,0,0,0,0,0,1,3.1700341224670407,3.1700341224670407,10058
"Total","Brooks Raley","NYM",0,0,0,0,0,0,0,0,0,0,0,0,1,3.2550403594970705,3.2550403594970705,10061
"Total","Ian Krol","ATL",0.1,1,0,0,0,0,0,0,0,0,0,0,1,3.1576396942138674,8.494058644491584,10066
"Total","Caleb Thielbar","MIN",1,3,0,0,0,0,0,0,0,0.333333333,1,0.33333333,0,3.19836953452703,4.851721288477149,10078
"Total","Brad Boxberger","3 Tms",1.1,5,0,0,0,0,0,0,0,0.4,1.5,0.4,-0.5,3.1497981069731966,4.641702522167887,10133
"Total","Ryan Weber","2 Tms",1,3,18.00000018,0,2,0,0.66666667,0,0.66666667,0,0,0,1,-0.7798436564855957,0.873508113998041,10160
"Total","Jose Ramirez","2 Tms",1,2,0,0,0,0,0,0,0,0,0,0,1,3.148092381199541,3.148092381199541,10171
"Total","Aroldis Chapman","2 Tms",0.1,2,27.00000027,27.00000027,1,0,0.5,0.5,0,0,3.00000003,0,-3,6.1574908487017606,6.1574908487017606,10233
"Total","Bryan Morris","MIA",0.1,1,0,0,0,0,0,0,0,0,0,0,1,3.146560382843018,3.146560382843018,10234
"Total","Alexi Ogando","2 Tms",1.2,4,5.39999999,0,1,0,0.25,0,0.25,0,0,0,1,1.941373732090251,3.7121825772873036,10261
"Total","Josh Smoker","2 Tms",0.1,1,0,0,0,0,0,0,0,0,0,0,1,3.1583376645989523,8.113183008503752,10285
"Total","Ryan Tepera","3 Tms",3.2,12,4.9090909,7.36363636,0.66666667,0,0.16666667,0.25,-0.08333333,0.25,1.36363636,0.28571429,1,4.51759292315619,4.998782593606605,10291
"Total","Chad Bell","DET",0,0,0,0,0,0,0,0,0,0,0,0,1,3.1576396942138674,3.1576396942138674,10297
"Total","Erasmo Ramirez","WSN",0,1,0,0,0,0,0,0,0,1,1,1,1,3.2550403594970705,3.2550403594970705,10314
"Total","Michael Tonkin","MIN",0.1,1,27.00000027,0,1,0,1,0,1,0,0,0,1,-2.8664063100000003,-2.8664063100000003,10315
"Total","Juan Minaya","CHW",0.1,1,0,0,0,0,0,0,0,0,0,0,1,3.1634226559327985,3.1634226559327985,10341
"Total","Aaron Loup","3 Tms",1.1,7,0,6.75000002,0,0,0,0.14285714,-0.14285714,0.75,3.00000001,0.5,-0.5,5.403105881942901,8.04964907844249,10343
"Total","Robbie Erlin","SDP",1,4,9,9,1,0,0.25,0.25,0,0.333333333,2,0.5,0.5,4.178290875574174,4.178290875574174,10354
"Total","Carlos Contreras","CIN",0,1,0,0,0,9,0,0,0,1,1,0,7.5,16.13359375,4.609267790615559,10386
"Total","Brooks Pounders","KCR",0.1,1,0,0,0,0,0,0,0,0,0,0,1,3.146560382843018,8.143362673421164,10387
"Total","Mychal Givens","2 Tms",1.1,4,13.50000014,0,2,0,0.5,0,0.5,0,0,0,1,0.1686157999446105,2.647340963783538,10430
"Total","Hunter Cervenka","MIA",0,0,0,0,0,0,0,0,0,0,0,0,1,3.1576396942138674,3.1576396942138674,10510
"Total","Drew Hayes","CIN",0,1,0,0,0,9,0,0,0,1,1,0,7.5,16.146560382843017,4.812161129713059,10528
"Total","Dean Kiekhefer","2 Tms",0,2,0,0,0,9,0,0,0,1,2,1,-3.33333333,16.151184113820396,4.816784860690435,10529
"Total","Jake Petricka","2 Tms",1.1,4,6.75000002,0,1,0,0.25,0,0.25,0,0,0,1,1.66896230790977,4.252267598748946,10534
"Total","Daniel Webb","CHW",0.1,1,0,0,0,0,0,0,0,0,0,0,1,3.13359375,3.13359375,10558
"Total","Addison Reed","4 Tms",3.2,11,7.36363636,2.45454545,3,0,0.27272727,0.09090909,0.18181818,0.2,0.81818182,0.28571429,1,2.327103329459867,3.617145431978636,10586
"Total","Scott Alexander","2 Tms",0.1,3,0,27.00000027,0,27.00000027,0,0.33333333,-0.33333333,0.5,6.00000006,0,-3.33333333,51.18299517270242,18.15061248823831,10591
"Total","Adam Liberatore","LAD",0,0,0,0,0,0,0,0,0,0,0,0,1,3.1465603828430178,3.1465603828430178,10637
"Total","Andrew Bellatti","2 Tms",0.1,2,27.00000027,0,1,0,0.5,0,0.5,0.5,3.00000003,1,-1,-2.8443667176259124,2.448719715071416,10657
"Total","Tyler Thornburg","BOS",0.2,1,0,0,0,0,0,0,0,0,0,0,1,3.214009475708008,3.214009475708008,10688
"Total","Drew Hutchison","DET",1,2,0,0,0,0,0,0,0,0,0,0,1,3.150833082391107,3.150833082391107,10732
"Total","Trevor Rosenthal","STL",0,0,0,0,0,0,0,0,0,0,0,0,1,3.1465603828430178,3.1465603828430178,10745
"Total","Shane Greene","3 Tms",1.1,4,13.50000003,0,2,0,0.5,0,0.5,0,0,0,1,0.2094386267607753,0.20943862676077574,10756
"Total","Michael Mariot","PHI",0.2,3,13.49999993,0,1,0,0.33333333,0,0.33333333,0.333333333,1.49999999,0.5,-1,0.14656039784301766,5.1433626134691295,10835
"Total","Adam Kolarek","2 Tms",0.2,2,13.50000014,0,1,0,0.5,0,0.5,0,0,0,1,0.17347623099310994,0.17347623099310994,10843
"Total","Chasen Shreve","2 Tms",1.1,3,13.50000003,0,2,0,0.66666667,0,0.66666667,0,0,0,1,0.16453487127201827,0.1645348712720187,10855
"Total","Christian Bergman","COL",0,0,0,0,0,0,0,0,0,0,0,0,1,3.140077066421509,3.140077066421509,10925
"Total","Josh A. Smith","2 Tms",1,3,0,0,0,9,0,0,0,0.333333333,1,0,10,16.174529504776,5.102811214327812,10946
"Total","Ryan O'Rourke","MIN",0.1,1,27.00000027,0,1,0,1,0,1,0,0,0,1,-2.8664063100000003,-2.8664063100000003,10976
"Total","Chase Whitley","TBR",0.1,1,0,0,0,0,0,0,0,0,0,0,1,3.1576396942138674,3.1576396942138674,10982
"Total","Kevin Shackelford","CIN",0.1,2,0,0,0,0,0,0,0,0.5,3.00000003,0.5,0,3.1576396942138674,8.494058644491584,11012
"Total","Casey Lawrence","SEA",0,0,0,0,0,0,0,0,0,0,0,0,1,3.1576396942138674,3.1576396942138674,11121
"Total","Vince Velasquez","PHI",0,1,0,9,0,0,0,1,-1,0,1,0,-1,6.170034122467041,6.170034122467041,11189
"Total","C.J. Riefenhauser","TBR",0,0,0,0,0,0,0,0,0,0,0,0,1,3.13359375,3.13359375,11193
"Total","Zach Neal","OAK",0.1,1,0,0,0,0,0,0,0,0,0,0,1,3.2550403594970705,3.2550403594970705,11294
"Total","Tyler Lyons","STL",0.1,1,0,0,0,0,0,0,0,0,0,0,1,3.160431575775147,8.115276919679946,11334
"Total","Tommy Kahnle","2 Tms",1.1,4,13.50000014,0,2,0,0.5,0,0.5,0,0,0,1,0.17991797308227575,1.514022710651705,11384
"Total","Danny Barnes","TOR",0,0,0,0,0,0,0,0,0,0,0,0,1,3.1576396942138674,3.1576396942138674,11388
"Total","Drew Pomeranz","2 Tms",0.1,1,0,0,0,0,0,0,0,0,0,0,1,3.148050141226111,8.932895327729996,11426
"Total","Brandon Workman","BOS",0,0,0,0,0,0,0,0,0,0,0,0,1,3.214009475708008,3.214009475708008,11428
"Total","A.J. Schugel","PIT",0.1,2,27.00000027,27.00000027,1,0,0.5,0.5,0,0,3.00000003,0,1,6.157639724213867,6.157639724213867,11432
"Total","Jesse Biddle","2 Tms",0.2,2,27.00000027,0,2,0,1,0,1,0,0,0,1,-2.8127795342584228,-2.8127795342584228,11437
"Total","Johnny Barbato","DET",0,2,0,0,0,9,0,0,0,1,2,1,-5,16.160431575775146,4.812046673893929,11440
"Total","Matt Grace","WSN",0.1,1,0,0,0,0,0,0,0,0,0,0,1,3.160431575775147,8.115276919679946,11449
"Total","Sammy Solis","WSN",1,2,9,0,1,0,0.5,0,0.5,0,0,0,1,1.151184113774157,1.151184113774157,11457
"Total","Bryan Mitchell","NYY",1,2,0,0,0,0,0,0,0,0,0,0,1,3.141609064657803,3.141609064657803,11479
"Total","Joely Rodriguez","3 Tms",1,8,18,18,1,9,0.25,0.25,0,0.5,5,0.66666667,-0.27777778,18.210471502960516,8.628185383499458,11487
"Total","Brandon Cunniff","ATL",0.1,1,27.00000027,0,1,0,1,0,1,0,0,0,1,-2.8664063100000003,-2.8664063100000003,11509
"Total","Josh Osich","SFG",0.1,1,0,0,0,0,0,0,0,0,0,0,1,3.1576396942138674,3.1576396942138674,11528
"Total","Jose Urena","MIL",0.1,1,0,0,0,0,0,0,0,0,0,0,1,3.1124310016632077,7.553539257949252,11589
"Total","Deck McGuire","CIN",0.2,1,0,0,0,0,0,0,0,0,0,0,1,3.1576396942138674,3.1576396942138674,11596
"Total","Heath Hembree","BOS",0.2,2,0,0,0,0,0,0,0,0,0,0,1,3.1559693336775765,7.867881562025099,11632
"Total","Mayckol Guaipe","SEA",1,2,0,0,0,0,0,0,0,1,1,0.5,-2,3.1379159609044507,6.27919074839005,11663
"Total","Josh Lucas","BAL",0.1,1,0,0,0,0,0,0,0,0,0,0,1,3.2140094757080084,9.181627181243904,11686
"Total","Sam Dyson","3 Tms",2.1,6,7.71428573,3.85714286,2,0,0.33333333,0.16666667,0.16666667,0,0.42857143,0,-2,2.7202776765861283,2.7202776765861283,11710
"Total","Erik Goeddel","LAD",0,1,0,0,0,0,0,0,0,1,1,1,-1,3.1604315757751467,3.1604315757751467,11712
"Total","Justin Grimm","CHC",1.1,3,6.75000002,0,1,0,0.33333333,0,0.33333333,0,0,0,1,1.6488583766335478,2.755613909862106,11720
"Total","Carlos Ramirez","TOR",0.1,1,27.00000027,0,1,0,1,0,1,0,0,0,1,-2.8395684842248534,-2.8395684842248534,11743
"Total","Luke Jackson","ATL",0.2,3,13.50000014,0,1,0,0.33333333,0,0.33333333,0.333333333,1.50000002,0.5,0,0.20271436552307165,0.20271436552307165,11752
"Total","Kyle Ryan","CHC",0.1,1,0,0,0,0,0,0,0,0,0,0,1,3.2140094757080084,9.181627181243904,11753
"Total","Myles Jaye","DET",0.1,1,0,0,0,0,0,0,0,0,0,0,1,3.1576396942138674,8.494058644491584,11769
"Total","Hansel Robles","2 Tms",2.1,9,15.42857145,3.85714286,4,7.71428573,0.44444444,0.11111111,0.33333333,0.25,1.28571429,0,1,12.146420001162499,2.9822552001141887,11801
"Total","Hector Neris","2 Tms",1.2,5,21.60000009,0,4,0,0.8,0,0.8,0,0,0,1,-1.590944976657242,-0.5915845245377764,11804
"Total","Michael Feliz","2 Tms",0.2,3,0,13.49999993,0,13.49999993,0,0.33333333,-0.33333333,0.5,2.99999999,0,-5,27.168624233465547,7.668624330965544,11903
"Total","David Rollins","SEA",0.1,1,0,0,0,0,0,0,0,0,0,0,1,3.1368354081864416,8.133637698764588,11928
"Total","Taylor Cole","LAA",0.1,1,0,0,0,0,0,0,0,0,0,0,1,3.2140094757080084,9.181627181243904,11964
"Total","Matt Andriese","2 Tms",0.1,2,27.00000027,0,1,0,0.5,0,0.5,0.5,3.00000003,1,-1,-2.8434164239344017,1.5836057421824956,12022
"Total","Brian Flynn","KCR",1,2,9,0,1,0,0.5,0,0.5,0,0,0,1,1.1465603828430178,1.1465603828430178,12027
"Total","J.R. Graham","MIN",0,1,0,0,0,9,0,0,0,1,1,0,1,16.13359375,4.609267790615559,12042
"Total","Felipe Vazquez","2 Tms",1.1,4,13.50000003,0,2,0,0.5,0,0.5,0,0,0,1,0.1433187171565753,1.3925192804321076,12076
"Total","Branden Pinder","NYY",0,0,0,0,0,0,0,0,0,0,0,0,1,3.13359375,3.13359375,12093
"Total","Yimi Garcia","3 Tms",0.1,2,0,0,0,0,0,0,0,0.5,3.00000003,0.5,-2,3.180651685267223,7.621759941553268,12095
"Total","Kendry Flores","MIA",0,0,0,0,0,0,0,0,0,0,0,0,1,3.13359375,3.13359375,12118
"Total","Matt Stites","ARI",0,1,0,0,0,0,0,0,0,1,1,1,-2,3.13359375,3.13359375,12165
"Total","Domingo Tapia","SDP",0.1,1,27.00000027,0,1,0,1,0,1,0,0,0,1,-2.74495970050293,-2.74495970050293,12178
"Total","Cody Martin","ATL",0.1,1,0,0,0,0,0,0,0,0,0,0,1,3.13359375,7.560615916116898,12182
"Total","Cody Allen","CLE",0.2,2,0,0,0,0,0,0,0,0,0,0,1,3.1533888817088545,7.844322636719703,12183
"Total","Seth Maness","STL",1,3,0,0,0,0,0,0,0,0.333333333,1,0.33333333,0,3.13359375,3.13359375,12235
"Total","Dan Winkler","2 Tms",0.2,5,0,0,0,0,0,0,0,0.75,4.50000005,0.75,-0.5,7.663836953340454,7.663836953340455,12237
"Total","Colton Murray","PHI",0,0,0,0,0,0,0,0,0,0,0,0,1,3.1465603828430178,3.1465603828430178,12264
"Total","Aaron Brooks","OAK",0.2,2,0,13.49999993,0,0,0,0.5,-0.5,0,1.49999999,0,1,7.660431553275147,7.660431553275147,12272
"Total","Leonel Campos","2 Tms",0.2,2,0,0,0,0,0,0,0,0.5,1.49999999,0.5,-2,3.1509921074046527,3.1509921074046527,12277
"Total","Evan Marshall","2 Tms",0.2,4,13.50000014,0,1,0,0.25,0,0.25,0.75,4.50000005,1,0,0.18028489927551306,2.6786860445645857,12297
"Total","Chris Bassitt","OAK",0.1,2,0,0,0,0,0,0,0,0.5,3.00000003,0.5,-1,3.13359375,3.13359375,12304
"Total","Jacob Barnes","3 Tms",1,3,9,0,1,0,0.33333333,0,0.33333333,0,0,0,1,1.1676233661872986,4.72523596412965,12323
"Total","Kevin Quackenbush","SDP",0,0,0,0,0,0,0,0,0,0,0,0,1,3.140077066421509,3.140077066421509,12360
"Total","Seth Lugo","NYM",1,4,9.00000009,0,1,9.00000009,0.25,0,0.25,0.333333333,1.00000001,0,2.5,14.16549164327942,4.410223076273876,12447
"Total","Chasen Bradford","SEA",0.1,1,0,0,0,0,0,0,0,0,0,0,1,3.2140094757080084,9.181627181243904,12452
"Total","Cory Mazzoni","SDP",0,1,0,0,0,9,0,0,0,1,1,0,7.5,16.157639694213866,4.9364459931850435,12537
"Total","Drew Gagnon","NYM",0.1,3,0,0,0,0,0,0,0,0.666666666,6.00000006,0.66666667,1,3.2140094757080084,9.181627181243904,12545
"Total","Tony Cingrani","CIN",0.2,2,13.49999993,0,1,0,0.5,0,0.5,0,0,0,1,0.14656039784301766,2.6449615056560734,12555
"Total","Blake Treinen","3 Tms",1.2,9,0,0,0,0,0,0,0,0.571428571,2.40000001,0.44444444,0.5,3.172890940608454,5.057655820638873,12572
"Total","Nick Ramirez","DET",0.1,2,0,0,0,0,0,0,0,0.5,3.00000003,0.5,1,3.2140094757080084,15.149244886779801,12575
"Total","DJ Johnson","COL",0,0,0,0,0,0,0,0,0,0,0,0,1,3.214009475708008,3.214009475708008,12578
"Total","Adam Morgan","PHI",0.2,2,0,0,0,0,0,0,0,0.5,1.49999999,0.5,0,3.17115154270411,3.17115154270411,12580
"Total","Nate Karns","SEA",0.2,3,13.49999993,0,1,13.49999993,0.33333333,0,0.33333333,0.666666666,2.99999999,1,-3.33333333,19.64656030034302,2.6449615056560734,12638
"Total","Roenis Elias","2 Tms",1,3,9,9,1,0,0.33333333,0.33333333,0,0,1,0,1,4.191526444977842,4.191526444977842,12673
"Total","Nick Martinez","SDP",0,2,0,0,0,18,0,0,0,1,2,0,5,29.18373568058014,6.144474488496781,12730
"Total","Rafael Montero","HOU",0.1,1,27.00000027,0,1,0,1,0,1,0,0,0,1,-2.887569058336793,-2.887569058336793,12760
"Total","Chris Devenski","3 Tms",1.1,3,6.75000002,0,1,0,0.33333333,0,0.33333333,0,0,0,1,1.6950378504178227,2.805314906162256,12763
"Total","John Brebbia","STL",0.2,2,27.00000027,0,2,0,1,0,1,0,0,0,1,-2.807980120445456,-2.807980120445456,12777
"Total","Sam Gaviglio","TOR",0.1,1,0,0,0,0,0,0,0,0,0,0,1,3.1914193153381354,8.97626450184202,12778
"Total","Sean Gilmartin","NYM",0.1,1,0,0,0,0,0,0,0,0,0,0,1,3.13359375,7.560615916116898,12781
"Total","Raul Alcantara","OAK",0.2,1,0,0,0,0,0,0,0,0,0,0,1,3.1576396942138674,3.1576396942138674,12790
"Total","Michael Kelly","CLE",0.1,1,0,0,0,0,0,0,0,0,0,0,1,3.2550403594970705,3.2550403594970705,12791
"Total","Noe Ramirez","LAA",1,2,0,0,0,0,0,0,0,0,0,0,1,3.1961501759089805,3.1961501759089805,12800
"Total","Chris Reed","MIA",0.2,2,0,0,0,0,0,0,0,0.5,1.49999999,0.5,-1,3.1335937500000006,3.1335937500000006,12801
"Total","Matt Wisler","SEA",0,0,0,0,0,0,0,0,0,0,0,0,1,3.214009475708008,3.214009475708008,12804
"Total","Andrew Kittredge","TBR",0,1,0,0,0,9,0,0,0,1,1,0,1,16.17003412246704,4.934396249055863,12828
"Total","Elvis Araujo","PHI",0.2,6,13.49999993,26.99999987,0.5,0,0.16666667,0.33333333,-0.16666667,0.333333333,4.49999998,0.5,-0.25,13.646560330343018,18.64336254596913,12854
"Total","Matt Barnes","BOS",1,7,18.00000018,0,2,0,0.28571429,0,0.28571429,0.666666666,4.00000004,0.8,-1.25,-0.8367614430967407,-0.8367614430967407,12863
"Total","Danny Hultzen","CHC",0.1,1,27.00000027,0,1,0,1,0,1,0,0,0,1,-2.785990584291992,-2.785990584291992,12874
"Total","Alex Claudio","2 Tms",1,2,0,0,0,0,0,0,0,0,0,0,1,3.1690434135731844,5.158249295526424,12890
"Total","Ken Giles","HOU",0.1,1,27.00000027,0,1,0,1,0,1,0,0,0,1,-2.8534396771569823,-2.8534396771569823,12910
"Total","Dylan Bundy","BAL",0.1,1,27.00000027,0,1,0,1,0,1,0,0,0,1,-2.8534396771569823,-2.8534396771569823,12917
"Total","Archie Bradley","2 Tms",1.2,6,0,0,0,0,0,0,0,0.5,1.2,0.33333333,0.5,3.1713925360808135,5.423533350214614,12918
"Total","Gabriel Ynoa","BAL",0,2,0,0,0,0,0,0,0,1,2,1,-0.5,3.214009475708008,5.203215357661247,12938
"Total","Joe Musgrove","HOU",0.2,1,0,0,0,0,0,0,0,0,0,0,1,3.1576396942138674,3.1576396942138674,12970
"Total","Mauricio Cabrera","ATL",0.2,1,0,0,0,0,0,0,0,0,0,0,1,3.1465603828430178,3.1465603828430178,12975
"Total","Andrew Chafin","3 Tms",2.1,8,7.71428576,0,2,0,0.25,0,0.25,0.375,1.28571429,0.5,-1,1.4575040383061433,2.1660833654766476,12988
"Total","Colten Brewer","BOS",0.2,2,13.49999993,0,1,0,0.5,0,0.5,0,0,0,1,0.2140094907080079,0.2140094907080079,12997
"Total","Robby Scott","BOS",0,1,0,0,0,0,0,0,0,0,0,0,1,6.157639694213867,6.157639694213867,13042
"Total","Reymin Guduan","OAK",0.1,1,0,0,0,0,0,0,0,0,0,0,1,3.1700341224670407,3.1700341224670407,13058
"Total","Wei-Yin Chen","MIA",0.1,1,0,0,0,0,0,0,0,0,0,0,1,3.2140094757080084,9.181627181243904,13071
"Total","Derek Law","2 Tms",0.2,3,0,0,0,0,0,0,0,0,0,0,1,3.161268567745915,5.64129622347137,13133
"Total","Frank Garces","SDP",1,2,0,0,0,0,0,0,0,0,0,0,1,3.13359375,4.609267790615559,13144
"Total","Carson Smith","SEA",0.2,1,0,0,0,0,0,0,0,0,0,0,1,3.1335937500000006,3.1335937500000006,13172
"Total","Kyle Crick","2 Tms",0.1,3,0,0,0,0,0,0,0,1,6.00000006,0.66666667,-1,3.1717321394817093,15.106967550553502,13182
"Total","Jordan Weems","OAK",0.1,1,27.00000027,0,1,0,1,0,1,0,0,0,1,-2.808580744661865,-2.808580744661865,13190
"Total","Joe Biagini","2 Tms",0.1,2,0,0,0,0,0,0,0,0.5,3.00000003,0.5,-2,3.18367238050549,3.18367238050549,13194
"Total","Warwick Saupold","DET",1,5,9,0,1,0,0.2,0,0.2,0.25,1,0.33333333,1,4.158570321391654,4.158570321391654,13211
"Total","Michael Fulmer","3 Tms",1.2,3,0,0,0,0,0,0,0,0,0,0,1,3.1694747449678844,4.057696385566434,13218
"Total","Louis Head","2 Tms",1,2,0,0,0,0,0,0,0,0,0,0,1,3.112431001663208,3.112431001663208,13259
"Total","Danny Coulombe","2 Tms",1.1,5,6.74999997,0,1,0,0.2,0,0.2,0.2,0.75,0.25,-1,1.6776782111428796,2.9176920204053998,13293
"Total","Jake Barrett","ARI",0.1,1,27.00000027,0,1,0,1,0,1,0,0,0,1,-2.8534396771569823,-2.8534396771569823,13322
"Total","James Pazos","3 Tms",1.1,4,13.50000014,0,2,0,0.5,0,0.5,0,0,0,1,0.16401271204254098,1.6102240086685122,13323
"Total","William Cuevas","BOS",0.1,1,0,0,0,0,0,0,0,0,0,0,1,3.146560382843018,3.146560382843018,13331
"Total","Luis Cessa","NYY",0.1,1,0,0,0,0,0,0,0,0,0,0,1,3.1700341224670407,3.1700341224670407,13345
"Total","Hoby Milner","2 Tms",0.2,2,27.00000027,0,2,0,1,0,1,0,0,0,1,-2.86025077160495,-2.86025077160495,13346
"Total","Cam Bedrosian","LAA",0.1,1,0,0,0,0,0,0,0,0,0,0,1,3.1368354081864416,3.1368354081864416,13360
"Total","Dylan Floro","3 Tms",0.2,4,13.50000014,0,1,0,0.25,0,0.25,0.5,3.00000003,0.66666667,-1.5,0.20087317809742977,0.20087317809742977,13394
"Total","Angel Nesbitt","DET",0,1,0,0,0,9,0,0,0,1,1,0,10,16.13359375,3.1335937500000006,13415
"Total","Chris Beck","CHW",0,0,0,0,0,0,0,0,0,0,0,0,1,3.1576396942138674,3.1576396942138674,13418
"Total","Drew VerHagen","2 Tms",0.2,3,0,0,0,0,0,0,0,1,1.50000002,0.33333333,-1,3.1678437708141325,8.631680279307535,13424
"Total","Pat Light","2 Tms",0.1,2,27.00000027,0,1,0,0.5,0,0.5,0.5,3.00000003,1,0,-2.853439677156983,-2.853439677156983,13427
"Total","Pierce Johnson","2 Tms",0.1,2,27.00000027,0,1,27.00000027,0.5,0,0.5,0.5,3.00000003,0,2.5,36.18408410152824,2.138929055433035,13435
"Total","Mike Morin","LAA",0,0,0,0,0,0,0,0,0,0,0,0,1,3.13359375,3.13359375,13442
"Total","Taylor Rogers","2 Tms",1,4,18.00000018,9.00000009,2,0,0.5,0.25,0.25,0,1.00000001,0,1,2.1538882870997504,2.1538882870997504,13449
"Total","Eddie Butler","CHC",0,0,0,0,0,0,0,0,0,0,0,0,1,3.1604315757751467,3.1604315757751467,13453
"Total","Lucas Sims","CIN",0.1,1,27.00000027,0,1,0,1,0,1,0,0,0,1,-2.74495970050293,-2.74495970050293,13470
"Total","Daniel Norris","2 Tms",0,1,0,0,0,0,0,0,0,0,0,0,1,3.212537240982056,3.212537240982056,13475
"Total","Sam Tuivailala","STL",0.2,1,0,0,0,0,0,0,0,0,0,0,1,3.1465603828430178,3.1465603828430178,13485
"Total","Brandon Brennan","SEA",0.1,1,0,0,0,0,0,0,0,0,0,0,1,3.1914193153381354,8.97626450184202,13527
"Total","Matt Bowman","STL",2.1,5,3.85714285,0,1,0,0.2,0,0.2,0,0,0,1,2.296546243679553,2.296546243679553,13528
"Total","Richard Rodriguez","PIT",0.2,3,13.50000014,0,1,0,0.33333333,0,0.33333333,0,0,0,1,4.687220540741578,7.671029393509526,13549
"Total","Steven Okert","MIA",0.2,1,0,0,0,0,0,0,0,0,0,0,1,3.112431001663208,3.112431001663208,13580
"Total","Robert Stephenson","2 Tms",1.2,6,16.19999997,0,3,0,0.5,0,0.5,0.2,0.6,0.33333333,-1,-0.40748399944145897,0.48073764115709006,13594
"Total","Carl Edwards Jr.","3 Tms",1,5,9.00000009,0,1,0,0.2,0,0.2,0.4,2.00000002,0.5,-0.5,1.18677074246804,4.602748001335416,13607
"Total","Clay Holmes","PIT",1,3,9,0,1,0,0.33333333,0,0.33333333,0.333333333,1,0.5,-1,1.1993510247742698,1.1993510247742698,13649
"Total","Tayler Scott","2 Tms",0.1,2,27.00000027,0,1,0,0.5,0,0.5,0.5,3.00000003,1,-1,-2.8519167191457195,-2.8519167191457195,13652
"Total","John Gant","2 Tms",1,3,0,0,0,0,0,0,0,0.333333333,1,0.33333333,-2,3.1918209711710617,3.1918209711710617,13684
"Total","Nick Goody","3 Tms",0.1,2,0,0,0,0,0,0,0,0.5,3.00000003,0.5,-3,3.1698640958972804,9.137481801433177,13685
"Total","Sal Romano","CIN",0.1,1,27.00000027,0,1,0,1,0,1,0,0,0,1,-2.785990584291992,-2.785990584291992,13690
"Total","Robert Gsellman","NYM",0.1,1,27.00000027,0,1,0,1,0,1,0,0,0,1,-2.826174009342097,-2.826174009342097,13696
"Total","Jake Faria","ARI",0.2,2,13.49999993,0,1,0,0.5,0,0.5,0,0,0,1,0.1700341374670411,0.1700341374670411,13699
"Total","Kyle Barraclough","4 Tms",2.2,10,13.50000003,0,4,0,0.4,0,0.4,0.222222222,0.75,0.33333333,-1.5,0.1652651148059645,2.071680051212031,13713
"Total","Tyler Duffey","MIN",1.1,5,20.2499999,0,3,0,0.6,0,0.6,0.2,0.75,0.5,-2,-1.336163069159546,-1.336163069159546,13758
"Total","Chris Stratton","3 Tms",1.2,5,5.39999999,0,1,5.39999999,0.2,0,0.2,0.4,1.2,0.33333333,-5,9.769259040333708,2.8574806965322557,13761
"Total","Dominic Leone","5 Tms",2.1,6,3.85714285,0,1,0,0.16666667,0,0.16666667,0.25,0.42857143,0.2,-1,2.3379395713435165,3.0465188924404836,13763
"Total","Daniel Stumpf","DET",1,5,0,0,0,0,0,0,0,0.666666666,2,0.4,-0.5,3.167965284894021,6.8087862649660424,13780
"Total","Alex Wood","LAD",0.1,1,0,0,0,0,0,0,0,0,0,0,1,3.160431575775147,3.160431575775147,13781
"Total","Matt Strahm","2 Tms",1.1,4,13.50000003,6.75000002,2,0,0.5,0.25,0.25,0,0.75,0,0,2.40279800699698,2.4027980069969805,13799
"Total","Austin Adams","2 Tms",0.2,2,0,0,0,0,0,0,0,0,0,0,1,3.192021799087524,3.192021799087524,13801
"Total","Paul Sewald","NYM",0.1,1,0,0,0,0,0,0,0,0,0,0,1,3.1576396942138674,8.494058644491584,13892
"Total","Chris Flexen","SEA",0.1,1,0,0,0,0,0,0,0,0,0,0,1,3.1124310016632077,7.553539257949252,13896
"Total","Scott Oberg","COL",3,11,2.99999999,2.99999999,1,0,0.09090909,0.09090909,0,0.2,1,0.22222222,-2,3.4811160606529885,4.074051491666929,13911
"Total","Brent Suter","2 Tms",0.2,5,0,0,0,13.49999993,0,0,0,0.4,2.99999999,0.25,-6.66666667,22.709930811130093,5.856474085280607,13942
"Total","Ryan Dull","2 Tms",0.1,3,27.00000027,0,1,0,0.33333333,0,0.33333333,0.666666666,6.00000006,1,-3.5,-2.8319600109104948,-2.8319600109104948,13974
"Total","Ryan Garton","TBR",0.1,1,0,0,0,0,0,0,0,0,0,0,1,3.146560382843018,3.146560382843018,14016
"Total","Branden Kline","BAL",0.2,1,0,0,0,0,0,0,0,0,0,0,1,3.214009475708008,3.214009475708008,14101
"Total","Kyle Zimmer","KCR",1,3,9,0,1,0,0.33333333,0,0.33333333,0.333333333,1,0.5,-1,1.1920217990875246,2.956383925676346,14169
"Total","Shae Simmons","SEA",0.1,1,0,0,0,0,0,0,0,0,0,0,1,3.1576396942138674,8.494058644491584,14200
"Total","Josh Hader","MIL",0,1,0,0,0,0,0,0,0,1,1,1,1,3.1604315757751467,4.812046673893929,14212
"Total","Dario Alvarez","TEX",1,4,0,0,0,0,0,0,0,0.5,2,0.5,1,3.1576396942138674,4.9364459931850435,14239
"Total","Wandy Peralta","2 Tms",0.2,5,0,13.50000014,0,0,0,0.2,-0.2,0.333333333,3.00000003,0.25,-0.5,7.650273129701454,10.318482604840314,14295
"Total","Ty Blach","2 Tms",0.1,2,0,0,0,0,0,0,0,1,3.00000003,0.5,0,3.1484314323371625,7.589539688623207,14361
"Total","Tyler Glasnow","PIT",0,0,0,0,0,0,0,0,0,0,0,0,1,3.1576396942138674,3.1576396942138674,14374
"Total","Amir Garrett","KCR",0,0,0,0,0,0,0,0,0,0,0,0,1,3.112431001663208,3.112431001663208,14375
"Total","Yohander Mendez","TEX",0.1,1,27.00000027,0,1,0,1,0,1,0,0,0,1,-2.785990584291992,-2.785990584291992,14391
"Total","Yunior Marte","PHI",0.1,1,0,0,0,0,0,0,0,0,0,0,1,3.2550403594970705,8.215095670947981,14416
"Total","Adam Conley","MIA",0.2,1,0,0,0,0,0,0,0,0,0,0,1,3.1925783156705703,3.1925783156705703,14457
"Total","Daniel Camarena","SDP",0,0,0,0,0,0,0,0,0,0,0,0,1,3.170034122467041,3.170034122467041,14467
"Total","Jose A. Valdez","LAA",0,0,0,0,0,0,0,0,0,0,0,0,1,3.1465603828430178,3.1465603828430178,14470
"Total","J.B. Wendelken","OAK",0.2,1,0,0,0,0,0,0,0,0,0,0,1,3.1645039558948955,3.1645039558948955,14506
"Total","Randy Rosario","CHC",0,1,0,0,0,0,0,0,0,1,1,1,-1,3.1604315757751467,3.1604315757751467,14508
"Total","Jose Leclerc","TEX",3,9,8.99999997,0,3,0,0.33333333,0,0.33333333,0.222222222,0.66666666,0.33333333,-0.5,1.1630487825970415,2.264125511005974,14524
"Total","Jorge Lopez","2 Tms",1.1,3,0,0,0,0,0,0,0,0,0,0,1,3.2242671965783405,5.956185430335655,14527
"Total","Carlos Estevez","COL",0.2,2,13.50000014,0,1,0,0.5,0,0.5,0,0,0,1,0.15192512850067086,2.372479256643693,14542
"Total","Jose Ruiz","2 Tms",0.2,2,13.49999993,0,1,0,0.5,0,0.5,0,0,0,1,0.1694747599678843,0.1694747599678843,14552
"Total","James Hoyt","HOU",0.1,1,27.00000027,0,1,0,1,0,1,0,0,0,1,-2.842360365786133,-2.842360365786133,14605
"Total","Rowan Wick","CHC",2,5,4.5,0,1,0,0.2,0,0.2,0.2,0.5,0.25,0,2.1447967608413316,2.884981462820492,14646
"Total","Jandel Gustave","3 Tms",1.1,2,0,0,0,0,0,0,0,0,0,0,1,3.1790572439114606,3.1790572439114606,14665
"Total","Dillon Maples","CHC",0.1,1,27.00000027,0,1,0,1,0,1,0,0,0,1,-2.8299659375329598,-2.8299659375329598,14672
"Total","Duane Underwood Jr.","2 Tms",0.1,2,0,0,0,0,0,0,0,1,3.00000003,0.5,-4,3.1237150463771917,8.908560232881078,14677
"Total","Andres Machado","WSN",0.1,1,0,0,0,0,0,0,0,0,0,0,1,3.1124310016632077,7.553539257949252,14681
"Total","Luis Perdomo","SDP",0.1,2,27.00000027,0,1,27.00000027,0.5,0,0.5,0.5,3.00000003,0,5,36.1946927237804,3.16231003931629,14682
"Total","Keone Kela","2 Tms",1.2,3,5.39999999,0,1,0,0.33333333,0,0.33333333,0,0,0,1,1.9548635505013716,1.9548635505013716,14696
"Total","Severino Gonzalez","PHI",0,0,0,0,0,0,0,0,0,0,0,0,1,3.1465603828430178,3.1465603828430178,14697
"Total","Jamie Callahan","NYM",0.1,1,0,0,0,0,0,0,0,0,0,0,1,3.1576396942138674,8.494058644491584,14711
"Total","Ty Buttrey","LAA",0.1,2,27.00000027,27.00000027,1,0,0.5,0.5,0,0,3.00000003,0,-2,6.214009505708009,6.214009505708009,14719
"Total","Brad Goldberg","CHW",0,1,0,9,0,0,0,1,-1,0,1,0,0,6.157639694213867,6.157639694213867,14776
"Total","Buck Farmer","2 Tms",2.2,8,0,0,0,0,0,0,0,0.166666666,0.375,0.125,-5,3.1937437175175107,6.225118406645162,14814
"Total","Dylan Covey","CHW",0.1,1,0,0,0,0,0,0,0,0,0,0,1,3.2140094757080084,3.2140094757080084,14825
"Total","Bobby Wahl","NYM",0.1,2,27.00000027,27.00000027,1,0,0.5,0.5,0,0,3.00000003,0,1,6.160431605775147,6.160431605775147,14832
"Total","Michael Lorenzen","CIN",1,3,0,0,0,0,0,0,0,0.333333333,1,0.33333333,-4,3.1576396942138674,3.1576396942138674,14843
"Total","Joe Mantiply","ARI",0,1,0,0,0,0,0,0,0,0,0,0,1,3.1508330821990973,3.1508330821990973,14857
"Total","Sam Moll","OAK",0.1,1,27.00000027,0,1,0,1,0,1,0,0,0,1,-2.8392617587460793,-2.8392617587460793,14874
"Total","Taylor Williams","MIL",0.2,2,0,0,0,0,0,0,0,0,0,0,1,3.1604315757751467,5.637854210566207,14899
"Total","Jose Torres","SDP",0,1,0,0,0,9,0,0,0,1,1,0,2.5,16.157639694213866,4.9364459931850435,14957
"Total","Reyes Moronta","2 Tms",0.2,2,13.50000014,0,1,0,0.5,0,0.5,0,0,0,1,0.20773593763610876,0.20773593763610876,14966
"Total","Tyler Webb","STL",0,0,0,0,0,0,0,0,0,0,0,0,1,3.170034122467041,3.170034122467041,14974
"Total","Chad Kuhl","WSN",0,1,0,9,0,0,0,1,-1,0,1,0,-1,6.2550403594970705,6.2550403594970705,14975
"Total","Giovanny Gallegos","STL",0.2,3,0,0,0,0,0,0,0,0.666666666,3.00000003,0.66666667,0.5,3.2341099740330534,8.697946482526456,14986
"Total","Scott Barlow","KCR",1.1,4,6.75000002,0,1,0,0.25,0,0.25,0.25,0.75,0.33333333,1,1.6465788562767887,1.646578856276789,14993
"Total","Kyle Finnegan","WSN",1,4,0,9,0,0,0,0.25,-0.25,0,1,0,0,6.131632041739142,7.612001445697462,15009
"Total","Corey Knebel","MIL",0.1,1,0,0,0,0,0,0,0,0,0,0,1,3.1576396942138674,3.1576396942138674,15010
"Total","Alex Reyes","STL",0,0,0,0,0,0,0,0,0,0,0,0,1,3.191419315338135,3.191419315338135,15015
"Total","Victor Alcantara","DET",0.2,3,13.50000014,0,1,0,0.33333333,0,0.33333333,0.5,1.50000002,0.5,1,0.1872204957415775,5.648452020461924,15028
"Total","Kyle Crockett","CIN",0.2,2,0,0,0,0,0,0,0,0.5,1.49999999,0.5,0,3.1604315757751467,3.1604315757751467,15033
"Total","Tim Mayza","TOR",0.2,2,13.50000014,0,1,0,0.5,0,0.5,0,0,0,1,0.23452488760253853,0.23452488760253853,15042
"Total","Lou Trivino","OAK",0,1,0,9,0,0,0,1,-1,0,1,0,1,6.160431575775147,6.160431575775147,15043
"Total","Trevor Gott","2 Tms",0.1,4,0,27.00000027,0,0,0,0.25,-0.25,0.666666666,9.00000009,0.66666667,0.66666667,12.224678797350515,26.03877844103522,15046
"Total","Austin Voth","WSN",0,1,0,0,0,0,0,0,0,1,1,1,1,3.170034122467041,3.170034122467041,15047
"Total","Yency Almonte","2 Tms",1,6,0,18,0,0,0,0.33333333,-0.33333333,0.333333333,3,0.33333333,-0.25,12.191330226156376,12.191330226156376,15068
"Total","Matt Marksberry","ATL",0,1,0,0,0,0,0,0,0,1,1,1,1,3.13359375,3.13359375,15089
"Total","Hunter Wood","CLE",0,0,0,0,0,0,0,0,0,0,0,0,1,3.214009475708008,3.214009475708008,15091
"Total","Rob Zastryzny","PIT",0.1,1,27.00000027,0,1,0,1,0,1,0,0,0,1,-2.74495970050293,-2.74495970050293,15094
"Total","Luke Farrell","CHC",0.1,1,27.00000027,0,1,0,1,0,1,0,0,0,1,-2.8395684842248534,-2.8395684842248534,15101
"Total","Jimmie Sherfy","ARI",1,3,9,0,1,0,0.33333333,0,0.33333333,0,0,0,1,1.1782908755741741,2.829905973692956,15118
"Total","Drew Anderson","PHI",0.1,3,0,0,0,0,0,0,0,0.666666666,6.00000006,0.66666667,-0.5,3.1583376645989523,13.449601958781471,15130
"Total","Jake Newberry","KCR",0.2,3,0,0,0,13.49999993,0,0,0,0.666666666,2.99999999,0.5,-1.66666667,22.660431478275147,5.637854210566207,15136
"Total","Ashton Goudeau","COL",0,0,0,0,0,0,0,0,0,0,0,0,1,3.112431001663208,3.112431001663208,15139
"Total","Glenn Sparkman","TOR",0,1,0,0,0,0,0,0,0,1,1,1,-1,3.1576396942138674,4.9364459931850435,15200
"Total","Kevin McGowan","NYM",0,0,0,0,0,0,0,0,0,0,0,0,1,3.1576396942138674,3.1576396942138674,15215
"Total","Alan Busenitz","CIN",0.1,2,27.00000027,0,1,0,0.5,0,0.5,0.5,3.00000003,1,0,-2.74495970050293,2.21509561094798,15239
"Total","Kevin McCarthy","KCR",1.1,4,0,0,0,0,0,0,0,0.5,0.75,0.25,0,3.1731280802728183,5.999137223031153,15240
"Total","Cole Sulser","MIA",0.1,1,27.00000027,0,1,0,1,0,1,0,0,0,1,-2.887569058336793,-2.887569058336793,15256
"Total","Adam Cimber","2 Tms",0.2,1,0,0,0,0,0,0,0,0,0,0,1,3.1876242638161987,3.1876242638161987,15288
"Total","Austin Pruitt","2 Tms",0.2,3,0,0,0,0,0,0,0,0.5,1.50000002,0.33333333,-2,3.1787949560970956,5.658822611822551,15290
"Total","Donnie Hart","BAL",0,1,0,0,0,0,0,0,0,1,1,1,-1,3.1604315757751467,3.1604315757751467,15306
"Total","Kevin Herget","CIN",0.1,1,0,0,0,0,0,0,0,0,0,0,1,3.2550403594970705,3.2550403594970705,15369
"Total","Mike Mayers","2 Tms",1,3,18,0,2,0,0.66666667,0,0.66666667,0,0,0,1,-0.855568615435498,0.6248007885228226,15451
"Total","Jose De Leon","2 Tms",0.2,4,27.00000027,13.50000014,2,0,0.5,0.25,0.25,0.333333333,3.00000003,1,-0.5,1.7027143805230718,1.7027143805230718,15463
"Total","Hunter Harvey","2 Tms",0,1,0,0,0,0,0,0,0,1,1,1,-1,3.212537240982056,3.212537240982056,15507
"Total","Kendall Graveman","3 Tms",1.2,3,0,0,0,0,0,0,0,0,0,0,1,3.146992874076384,3.146992874076384,15514
"Total","Tyler Rogers","SFG",0.1,1,27.00000027,0,1,0,1,0,1,0,0,0,1,-2.8299659375329598,-2.8299659375329598,15541
"Total","Mark Leiter Jr.","CHC",0.1,1,27.00000027,0,1,0,1,0,1,0,0,0,1,-2.74495970050293,-2.74495970050293,15551
"Total","Chad Green","2 Tms",0.2,2,26.99999987,0,2,0,1,0,1,0,0,0,1,-2.8127815033435923,-2.8127815033435923,15552
"Total","Nick Wittgren","2 Tms",1,4,18.00000018,0,2,0,0.5,0,0.5,0.333333333,1.00000001,0.5,0,-0.8327461961047931,0.93161594812765,15594
"Total","Ariel Hernandez","CIN",0,2,0,9,0,0,0,0.5,-0.5,1,2,1,0,6.157639694213867,6.157639694213867,15603
"Total","Miguel Castro","3 Tms",1.2,4,10.79999998,0,2,0,0.5,0,0.5,0,0,0,1,0.7940520571460903,0.7940520571460903,15684
"Total","Jimmy Cordero","CHW",0.2,2,0,0,0,0,0,0,0,0,0,0,1,3.2049734115329507,8.989818511264158,15690
"Total","Brad Keller","KCR",0,1,0,0,0,0,0,0,0,1,1,1,-1,3.112431001663208,3.112431001663208,15734
"Total","Joe Jimenez","2 Tms",0.2,3,13.50000014,0,1,13.50000014,0.33333333,0,0.33333333,0.5,1.50000002,0,2.5,19.723230002417605,5.595680056395,15761
"Total","Devin Williams","MIL",1,2,9,0,1,0,0.5,0,0.5,0,0,0,1,1.1316320417391417,1.1316320417391417,15816
"Total","Paul Fry","BAL",0,3,0,0,0,9,0,0,0,1,3,1,-3.125,16.1476322333018,4.91199435989062,15832
"Total","Wander Suero","WSN",0.1,1,0,0,0,0,0,0,0,0,0,0,1,3.2140094757080084,9.181627181243904,15855
"Total","Luis Severino","NYY",0.1,1,0,0,0,0,0,0,0,0,0,0,1,3.146560382843018,3.146560382843018,15890
"Total","Victor Arano","WSN",0.1,2,27.00000027,0,1,0,0.5,0,0.5,0.5,3.00000003,1,-2,-2.887569058336793,-2.887569058336793,15915
"Total","Ryne Stanek","3 Tms",1.2,8,5.40000002,10.80000004,0.5,0,0.125,0.25,-0.125,0.5,2.40000001,0.4,0,5.601296649053077,7.651924985578955,15947
"Total","Odrisamer Despaigne","LAA",0.1,1,0,0,0,0,0,0,0,0,0,0,1,3.160431575775147,8.115276919679946,16017
"Total","Stefan Crichton","ARI",1,2,0,0,0,0,0,0,0,0,0,0,1,3.177162520019455,5.105444229571266,16058
"Total","Edubray Ramos","PHI",0.1,2,27.00000027,0,1,0,0.5,0,0.5,0.5,3.00000003,1,-4,-2.8229501642769934,-2.8229501642769934,16086
"Total","John Curtiss","MIL",0.1,3,0,0,0,0,0,0,0,0.333333333,3.00000003,0.33333333,0,3.1700341224670407,8.46312055516437,16128
"Total","Eric Skoglund","KCR",0.1,1,0,0,0,0,0,0,0,0,0,0,1,3.2140094757080084,3.2140094757080084,16155
"Total","Jace Fry","CHW",0.2,2,27.00000027,0,2,0,1,0,1,0,0,0,1,-2.830528033246043,-2.830528033246043,16159
"Total","Justin Anderson","LAA",0.1,2,27.00000027,0,1,0,0.5,0,0.5,0.5,3.00000003,1,0,-2.7993850591747496,2.15546028473005,16201
"Total","Aaron Bummer","CHW",3.2,9,9.81818184,0,4,0,0.44444444,0,0.44444444,0.111111111,0.27272727,0.2,-4,1.0313326363663853,1.5164616278769407,16258
"Total","Sam Howard","PIT",0.1,2,0,0,0,0,0,0,0,0.5,3.00000003,0.5,0,3.1700341224670407,3.1700341224670407,16265
"Total","Sam Clay","WSN",0,0,0,0,0,0,0,0,0,0,0,0,1,3.170034122467041,3.170034122467041,16279
"Total","Gerardo Reyes","SDP",0,0,0,0,0,0,0,0,0,0,0,0,1,3.214009475708008,3.214009475708008,16306
"Total","Ryan Borucki","TOR",0.1,1,0,0,0,0,0,0,0,0,0,0,1,3.1914193153381354,3.1914193153381354,16350
"Total","Brad Wieck","SDP",0,2,0,0,0,0,0,0,0,1,2,1,0.5,3.2140094757080084,3.2140094757080084,16390
"Total","Reynaldo Lopez","CHW",0.1,1,0,0,0,0,0,0,0,0,0,0,1,3.2550403594970705,8.215095670947981,16400
"Total","Victor Gonzalez","LAD",0.1,1,0,0,0,0,0,0,0,0,0,0,1,3.1700341224670407,8.46312055516437,16408
"Total","Blake Taylor","HOU",0.1,1,0,0,0,0,0,0,0,0,0,0,1,3.1700341224670407,3.1700341224670407,16418
"Total","James Norwood","2 Tms",0.1,1,0,0,0,0,0,0,0,0,0,0,1,3.1244311451011915,8.079276489005991,16440
"Total","Conner Greene","BAL",0,0,0,0,0,0,0,0,0,0,0,0,1,3.170034122467041,3.170034122467041,16455
"Total","Joe Harvey","NYY",0.1,1,0,0,0,0,0,0,0,0,0,0,1,3.2140094757080084,3.2140094757080084,16459
"Total","Brent Honeywell","SDP",0.1,4,0,27.00000027,0,0,0,0.25,-0.25,0.5,6.00000006,0.5,-0.33333333,21.25504053949707,26.215095850947982,16466
"Total","Ryan Yarbrough","KCR",0,0,0,0,0,0,0,0,0,0,0,0,1,3.2550403594970705,3.2550403594970705,16502
"Total","Dan Altavilla","SEA",0.1,3,27.00000027,0,1,0,0.33333333,0,0.33333333,0.666666666,6.00000006,1,0,-2.842360365786133,-2.842360365786133,16507
"Total","Austin Gomber","2 Tms",0,2,0,0,0,0,0,0,0,1,1,1,1,6.136431288719177,7.616800692677498,16561
"Total","Erik Swanson","TOR",0.2,2,26.99999987,0,2,0,1,0,1,0,0,0,1,-2.74495961050293,-2.74495961050293,16587
"Total","Jonathan Holder","NYY",0.1,1,0,0,0,0,0,0,0,0,0,0,1,3.1576396942138674,8.494058644491584,16588
"Total","Bryan Abreu","HOU",0,0,0,0,0,0,0,0,0,0,0,0,1,3.112431001663208,3.112431001663208,16609
"Total","J.P. Feyereisen","MIL",0,1,0,0,0,0,0,0,0,1,1,1,-3,3.170034122467041,3.170034122467041,16610
"Total","Ryan Thompson","TBR",1,3,9,0,1,0,0.33333333,0,0.33333333,0,0,0,1,1.177162520019455,1.177162520019455,16647
"Total","Brock Stewart","MIN",0.1,1,27.00000027,0,1,0,1,0,1,0,0,0,1,-2.74495970050293,-2.74495970050293,16727
"Total","Kyle McGrath","SDP",0.1,1,0,0,0,0,0,0,0,0,0,0,1,3.1576396942138674,8.494058644491584,16793
"Total","Josh James","HOU",0.1,2,27.00000027,0,1,0,0.5,0,0.5,0.5,3.00000003,1,1,-2.785990584291992,-2.785990584291992,16794
"Total","Tim Hill","2 Tms",1,4,18,0,2,0,0.5,0,0.5,0.5,2,1,-2.5,-0.7999451637756678,0.8534065901744512,16814
"Total","Greg Mahle","LAA",0.1,1,27.00000027,0,1,0,1,0,1,0,0,0,1,-2.8534396771569823,-2.8534396771569823,16877
"Total","Aaron Wilkerson","MIL",0.1,2,27.00000027,0,1,0,0.5,0,0.5,0.5,3.00000003,1,0,-2.785990584291992,-2.785990584291992,16904
"Total","Touki Toussaint","LAA",0,0,0,0,0,0,0,0,0,0,0,0,1,3.112431001663208,3.112431001663208,16929
"Total","Elieser Hernandez","MIA",0,3,0,0,0,0,0,0,0,1,3,1,-0.66666667,3.1444313844045007,4.796046482523282,16933
"Total","Luis F. Ortiz","BAL",0,0,0,0,0,0,0,0,0,0,0,0,1,3.1604315757751467,3.1604315757751467,16942
"Total","Sean Newcomb","2 Tms",0.2,5,13.50000014,0,1,0,0.2,0,0.2,0.6,4.50000005,0.75,0,0.14426729044191688,2.790810506790581,16943
"Total","Trevor Williams","CHC",0,1,0,0,0,0,0,0,0,1,1,1,-1,3.170034122467041,3.170034122467041,16977
"Total","Tyler Beede","PIT",0.2,1,0,0,0,0,0,0,0,0,0,0,1,3.112431001663208,3.112431001663208,16981
"Total","Trevor Hildenberger","MIN",0.1,2,0,0,0,0,0,0,0,1,3.00000003,0.5,-1,3.1738260506579037,3.1738260506579037,17002
"Total","Austin Davis","PHI",0.1,1,27.00000027,0,1,0,1,0,1,0,0,0,1,-2.785990584291992,-2.785990584291992,17117
"Total","Domingo German","NYY",0.2,1,0,0,0,0,0,0,0,0,0,0,1,3.1576396942138674,3.1576396942138674,17149
"Total","Jose Castillo","SDP",0.1,1,27.00000027,0,1,0,1,0,1,0,0,0,1,-2.8395684842248534,-2.8395684842248534,17169
"Total","Gabe Speier","2 Tms",0.2,2,0,0,0,0,0,0,0,0,0,0,1,3.2125372409820554,5.692564896707511,17170
"Total","Dinelson Lamet","SDP",0.1,1,0,0,0,0,0,0,0,0,0,0,1,3.1124310016632077,3.1124310016632077,17186
"Total","Jalen Beeks","TBR",0.1,1,27.00000027,0,1,0,1,0,1,0,0,0,1,-2.785990584291992,-2.785990584291992,17192
"Total","Brian Ellington","MIA",0,0,0,0,0,0,0,0,0,0,0,0,1,3.1576396942138674,3.1576396942138674,17233
"Total","Austin Brice","BOS",0,1,0,0,0,0,0,0,0,1,1,1,0,3.191419315338135,3.191419315338135,17237
"Total","Sam Coonrod","2 Tms",0.1,2,0,27.00000027,0,0,0,0.5,-0.5,0,3.00000003,0,0,12.20301572748022,17.49610216017755,17264
"Total","Ranger Suarez","PHI",0.1,1,0,0,0,0,0,0,0,0,0,0,1,3.1700341224670407,3.1700341224670407,17277
"Total","Framber Valdez","HOU",0.1,1,0,0,0,0,0,0,0,0,0,0,1,3.1738260506579037,9.1414437561938,17295
"Total","Francis Martes","HOU",0,0,0,0,0,0,0,0,0,0,0,0,1,3.1576396942138674,3.1576396942138674,17303
"Total","Merandy Gonzalez","MIA",0.1,1,27.00000027,0,1,0,1,0,1,0,0,0,1,-2.8395684842248534,-2.8395684842248534,17313
"Total","Josh Taylor","BOS",1,4,9,0,1,0,0.25,0,0.25,0.333333333,1,0.33333333,0,1.1993510247742698,5.177762788680749,17359
"Total","Brett Martin","TEX",0.1,2,27.00000027,0,1,0,0.5,0,0.5,0.5,3.00000003,1,1,-2.8299659375329598,2.4631204951643686,17369
"Total","Jeff Hoffman","2 Tms",1,2,0,0,0,0,0,0,0,0,0,0,1,3.1919678367004254,3.1919678367004254,17432
"Total","Jonathan Hernandez","TEX",0.1,2,27.00000027,0,1,0,0.5,0,0.5,0.5,3.00000003,1,1,-2.792675483741421,2.9921697027624643,17464
"Total","Genesis Cabrera","2 Tms",0.1,1,0,0,0,0,0,0,0,0,0,0,1,3.191285681565162,8.151340993016072,17490
"Total","Diego Castillo","TBR",1,3,9,0,1,0,0.33333333,0,0.33333333,0,0,0,-1,4.183455499050916,4.183455499050916,17496
"Total","Jimmy Herget","LAA",0.2,3,0,0,0,0,0,0,0,0.5,1.50000002,0.33333333,1,3.2125372409820554,5.85908045733072,17556
"Total","Ricardo Sanchez","STL",0.1,1,0,0,0,0,0,0,0,0,0,0,1,3.1914193153381354,8.97626450184202,17581
"Total","Tanner Scott","2 Tms",1,5,9.00000009,18.00000018,0.5,0,0.2,0.4,-0.2,0,2.00000002,0,0.5,7.179168534542441,8.832520305026078,17586
"Total","Cristian Javier","HOU",0.2,1,0,0,0,0,0,0,0,0,0,0,1,3.170034122467041,3.170034122467041,17606
"Total","Tanner Rainey","WSN",0.2,2,26.99999987,0,2,0,1,0,1,0,0,0,1,-2.8085806546618652,-2.8085806546618652,17610
"Total","Taylor Clarke","2 Tms",0.2,4,13.50000014,0,1,0,0.25,0,0.25,0.666666666,3.00000003,0.66666667,-1.5,0.15247346715049215,0.15247346715049215,17611
"Total","Justin Lawrence","COL",0.2,5,13.49999993,13.49999993,1,0,0.2,0.2,0,0.666666666,4.49999998,0.66666667,-0.66666667,4.669684504029806,7.149712122554846,17639
"Total","Jeffrey Springs","TBR",0.1,1,27.00000027,0,1,0,1,0,1,0,0,0,1,-2.8299659375329598,-2.8299659375329598,17677
"Total","Koda Glover","WSN",0.1,1,0,0,0,0,0,0,0,0,0,0,1,3.160431575775147,3.160431575775147,17695
"Total","Jose Cuas","KCR",0.1,2,0,27.00000027,0,0,0,0.5,-0.5,0,3.00000003,0,1,12.25504044949707,17.21509576094798,17701
"Total","Evan Phillips","LAD",0.2,1,0,0,0,0,0,0,0,0,0,0,1,3.112431001663208,5.332985096497918,17734
"Total","Drew Smith","NYM",0.1,1,27.00000027,0,1,0,1,0,1,0,0,0,1,-2.887569058336793,-2.887569058336793,17755
"Total","Angel Perdomo","MIL",0.1,1,27.00000027,0,1,0,1,0,1,0,0,0,1,-2.808580744661865,-2.808580744661865,17759
"Total","Jose Alvarado","2 Tms",0.1,2,0,0,0,0,0,0,0,1,6.00000006,1,-2,3.162832212430115,3.162832212430115,17780
"Total","Patrick Weigel","ATL",0.1,1,0,0,0,0,0,0,0,0,0,0,1,3.1914193153381354,3.1914193153381354,17792
"Total","Trey Wingenter","SDP",0.2,1,0,0,0,0,0,0,0,0,0,0,1,3.214009475708008,3.214009475708008,17793
"Total","Dillon Tate","BAL",0.1,2,27.00000027,27.00000027,1,0,0.5,0.5,0,0,3.00000003,0,1,6.214009505708009,6.214009505708009,17796
"Total","Daniel Zamora","NYM",0.1,1,27.00000027,0,1,0,1,0,1,0,0,0,1,-2.785990584291992,-2.785990584291992,17811
"Total","Ian Gibaut","2 Tms",1,3,9,9,1,0,0.33333333,0.33333333,0,0,1,0,1,4.138760439291556,4.138760439291556,17871
"Total","Nestor Cortes","NYY",0.1,1,27.00000027,0,1,0,1,0,1,0,0,0,1,-2.785990584291992,-2.785990584291992,17874
"Total","Brett Kennedy","CIN",0.1,1,0,0,0,0,0,0,0,0,0,0,1,3.2550403594970705,3.2550403594970705,17877
"Total","Dennis Santana","TEX",0,1,0,0,0,0,0,0,0,1,1,1,0,3.1412325620651247,3.1412325620651247,17878
"Total","Brock Burke","TEX",0.1,1,0,0,0,0,0,0,0,0,0,0,1,3.1124310016632077,3.1124310016632077,17968
"Total","Pete Fairbanks","TBR",0.2,2,0,13.49999993,0,0,0,0.5,-0.5,0,1.49999999,0,-2,7.6469928515763845,7.6469928515763845,17998
"Total","Phil Maton","3 Tms",0.2,6,0,13.50000014,0,0,0,0.16666667,-0.16666667,0.666666666,4.50000005,0.5,-0.75,12.199974362574677,17.067071707066365,18064
"Total","Ryan Helsley","STL",1.1,3,6.74999997,0,1,0,0.33333333,0,0.33333333,0,0,0,1,1.6412325695651246,2.964504157890383,18138
"Total","Anthony Misiewicz","SEA",1,2,9,0,1,0,0.5,0,0.5,0,0,0,1,1.1700341224670412,1.1700341224670412,18152
"Total","Zac Grotz","SEA",0.2,2,0,13.49999993,0,0,0,0.5,-0.5,0,1.49999999,0,0,7.691419292838135,7.691419292838135,18256
"Total","Jarlin Garcia","2 Tms",1.2,6,5.40000002,0,1,0,0.16666667,0,0.16666667,0.5,1.2,0.4,-1.5,1.9492819558189345,3.016565739470775,18282
"Total","Tyler Kinley","2 Tms",1.1,9,0,6.75000002,0,0,0,0.11111111,-0.11111111,0.714285714,4.50000001,0.625,-0.33333333,5.426724177306397,11.617093083544647,18297
"Total","Andrew Suarez","SFG",0.1,1,0,0,0,0,0,0,0,0,0,0,1,3.2140094757080084,9.181627181243904,18300
"Total","Taylor Guilbeau","SEA",0,1,0,0,0,0,0,0,0,1,1,1,-1,3.214009475708008,3.214009475708008,18306
"Total","Carson Fulmer","CIN",0,0,0,0,0,0,0,0,0,0,0,0,1,3.170034122467041,3.170034122467041,18311
"Total","Jacob Waguespack","TOR",0,0,0,0,0,0,0,0,0,0,0,0,1,3.191419315338135,3.191419315338135,18318
"Total","Josh Sborz","TEX",0,1,0,0,0,0,0,0,0,1,1,1,-1,3.2550403594970705,3.2550403594970705,18323
"Total","Taylor Hearn","TEX",0,2,0,0,0,0,0,0,0,1,2,1,-1.5,3.212537240982056,3.212537240982056,18325
"Total","Alex Young","ARI",0,1,0,0,0,9,0,0,0,1,1,0,10,16.17003412246704,4.934396249055863,18333
"Total","Josh Staumont","KCR",0.1,1,0,0,0,0,0,0,0,0,0,0,1,3.1124310016632077,7.553539257949252,18335
"Total","Brandon Waddell","MIN",0.1,1,0,0,0,0,0,0,0,0,0,0,1,3.1700341224670407,8.46312055516437,18347
"Total","Jaime Barria","LAA",0.1,1,27.00000027,0,1,0,1,0,1,0,0,0,1,-2.887569058336793,-2.887569058336793,18356
"Total","Enyel De Los Santos","CLE",0.2,2,0,0,0,0,0,0,0,0,0,0,1,3.183735680580139,3.183735680580139,18403
"Total","Junior Fernandez","STL",0,1,0,0,0,0,0,0,0,1,1,1,1,3.170034122467041,4.934396249055863,18496
"Total","Phil Bickford","LAD",1.2,5,5.39999999,0,1,0,0.2,0,0.2,0.25,0.6,0.25,-1,1.9639941236783751,2.852215764276924,18519
"Total","Sam Hentges","CLE",1,3,18,0,2,0,0.66666667,0,0.66666667,0,0,0,1,-0.7924960926388529,-0.7924960926388529,18548
"Total","Hector Perez","TBR",0,1,0,9,0,0,0,1,-1,0,1,0,0,6.2550403594970705,6.2550403594970705,18592
"Total","Travis Lakins Sr.","BAL",0,0,0,0,0,0,0,0,0,0,0,0,1,3.170034122467041,3.170034122467041,18600
"Total","A.J. Minter","ATL",0.2,4,13.50000014,0,1,0,0.25,0,0.25,0.666666666,3.00000003,0.66666667,0,0.19449879519030633,2.8410420115389705,18655
"Total","Freddy Peralta","MIL",0.1,1,27.00000027,0,1,0,1,0,1,0,0,0,1,-2.785990584291992,-2.785990584291992,18679
"Total","Kolby Allard","TEX",0.1,1,27.00000027,0,1,0,1,0,1,0,0,0,1,-2.887569058336793,-2.887569058336793,18694
"Total","Seunghwan Oh","2 Tms",0.1,1,0,0,0,0,0,0,0,0,0,0,1,3.200615000825251,8.15546034473005,18719
"Total","Dillon Peters","LAA",0.1,1,27.00000027,0,1,0,1,0,1,0,0,0,1,-2.785990584291992,-2.785990584291992,18790
"Total","Miguel Del Pozo","LAA",0,1,0,9,0,0,0,1,-1,0,1,0,1,6.214009475708008,6.214009475708008,18792
"Total","Drew Steckenrider","2 Tms",1.1,5,20.25000005,0,3,0,0.6,0,0.6,0.25,0.75,0.5,-1,-1.339393163772884,-0.005288436209240022,18806
"Total","Miguel Diaz","SDP",0,0,0,0,0,0,0,0,0,0,0,0,1,3.1576396942138674,3.1576396942138674,18815
"Total","Ben Meyer","MIA",0.1,1,0,0,0,0,0,0,0,0,0,0,1,3.160431575775147,8.115276919679946,18854
"Total","Kirby Snead","OAK",0,2,0,0,0,0,0,0,0,1,2,1,-1,3.1837356805801393,3.1837356805801393,19179
"Total","Robert Dugger","SEA",0,1,0,0,0,9,0,0,0,1,1,0,7.5,16.17003412246704,4.934396249055863,19191
"Total","Conner Menez","SFG",0.1,1,0,0,0,0,0,0,0,0,0,0,1,3.1700341224670407,3.1700341224670407,19199
"Total","Jose Quijada","LAA",1,3,9,0,1,0,0.33333333,0,0.33333333,0.333333333,1,0.5,-1,1.1412325620651247,1.1412325620651247,19200
"Total","Mitch White","TOR",0,1,0,0,0,0,0,0,0,1,1,1,1,3.2550403594970705,3.2550403594970705,19225
"Total","Cole Irvin","BAL",0,0,0,0,0,0,0,0,0,0,0,0,1,3.2550403594970705,3.2550403594970705,19244
"Total","Ian Hamilton","CHW",0.1,2,0,0,0,0,0,0,0,1,3.00000003,0.5,0,3.160431575775147,8.115276919679946,19261
"Total","Thomas Hatch","TOR",0.1,1,0,0,0,0,0,0,0,1,3.00000003,1,-1,3.1914193153381354,3.1914193153381354,19264
"Total","Jacob Webb","2 Tms",0.2,3,0,0,0,0,0,0,0,0.333333333,1.50000002,0.33333333,0,3.234524917602539,6.218333770370487,19274
"Total","Nick Hernandez","SDP",0,0,0,0,0,0,0,0,0,0,0,0,1,3.2550403594970705,3.2550403594970705,19281
"Total","Reggie McClain","SEA",0.1,1,0,0,0,0,0,0,0,0,0,0,1,3.2140094757080084,3.2140094757080084,19311
"Total","Matt Festa","SEA",0,1,0,0,0,0,0,0,0,1,1,1,1,3.214009475708008,3.214009475708008,19330
"Total","Richard Lovelady","KCR",0,1,0,0,0,0,0,0,0,1,1,1,0,3.170034122467041,3.170034122467041,19337
"Total","Hector Velazquez","BOS",0.1,2,27.00000027,0,1,0,0.5,0,0.5,0.5,3.00000003,1,-2,-2.7993850591747496,3.1682326463611457,19341
"Total","A.J. Puk","2 Tms",0,4,0,0,0,0,0,0,0,1,3,0.75,0,3.2075039068857834,3.2075039068857834,19343
"Total","Lucas Erceg","OAK",0,1,0,0,0,0,0,0,0,1,1,1,-1,3.2550403594970705,3.2550403594970705,19360
"Total","Corbin Burnes","MIL",0,0,0,0,0,0,0,0,0,0,0,0,1,3.214009475708008,3.214009475708008,19361
"Total","Keegan Akin","BAL",0.1,1,0,0,0,0,0,0,0,0,0,0,1,3.1700341224670407,8.46312055516437,19362
"Total","Walker Buehler","LAD",0,0,0,0,0,0,0,0,0,0,0,0,1,3.1604315757751467,3.1604315757751467,19374
"Total","Colin Poche","TBR",1.1,4,6.75000002,0,1,0,0.25,0,0.25,0.25,0.75,0.33333333,-1,1.6880605046684793,3.17996491986317,19403
"Total","Yohan Ramirez","PIT",0.1,5,27.00000027,54.00000054,0.5,0,0.2,0.4,-0.2,0.5,9.00000009,1,0.5,24.219388230306,24.219388230306,19444
"Total","Michael Rucker","CHC",0.1,1,27.00000027,0,1,0,1,0,1,0,0,0,1,-2.887569058336793,-2.887569058336793,19454
"Total","Bryan Garcia","DET",1,3,18,0,2,0,0.66666667,0,0.66666667,0,0,0,1,-0.8079782009124754,0.956383925676346,19457
"Total","Jason Foley","DET",0.1,3,0,0,0,0,0,0,0,0.666666666,6.00000006,0.66666667,1,3.132803766893422,3.132803766893422,19531
"Total","Jimmy Lambert","CHW",0.1,1,27.00000027,0,1,0,1,0,1,0,0,0,1,-2.74495970050293,-2.74495970050293,19541
"Total","Geoff Hartlieb","2 Tms",0,1,0,0,0,0,0,0,0,1,1,1,-3,3.1920217990875246,3.1920217990875246,19558
"Total","David Bednar","2 Tms",0.2,2,0,0,0,0,0,0,0,0,0,0,1,3.192021799087524,3.192021799087524,19569
"Total","Cionel Perez","BAL",0.1,4,27.00000027,0,1,0,0.25,0,0.25,0.25,3.00000003,0.33333333,-2,-2.74495970050293,-2.74495970050293,19614
"Total","Jordan Hicks","STL",1.1,5,0,0,0,0,0,0,0,0.5,1.5,0.4,-1.5,3.184083771528236,3.184083771528236,19618
"Total","Gregory Soto","PHI",0.1,2,27.00000027,0,1,0,0.5,0,0.5,0.5,3.00000003,1,-1,-2.74495970050293,-2.74495970050293,19677
"Total","Patrick Murphy","WSN",0.1,1,0,0,0,0,0,0,0,0,0,0,1,3.1124310016632077,7.553539257949252,19712
"Total","Jonathan Loaisiga","NYY",0.2,2,13.50000014,0,1,0,0.5,0,0.5,0,0,0,1,0.15247346715049215,2.632501122875947,19753
"Total","Yoshihisa Hirano","2 Tms",0.1,2,0,0,0,0,0,0,0,1,3.00000003,0.5,-2,3.1966739927537144,13.9363645231624,19756
"Total","Seth Elledge","STL",0.1,1,0,0,0,0,0,0,0,0,0,0,1,3.1700341224670407,8.46312055516437,19766
"Total","Will Vest","DET",0,0,0,0,0,0,0,0,0,0,0,0,1,3.2550403594970705,3.2550403594970705,19769
"Total","Justin Garza","BOS",0.1,1,0,0,0,0,0,0,0,0,0,0,1,3.2550403594970705,8.215095670947981,19784
"Total","Anthony Castro","TOR",0.1,1,0,0,0,0,0,0,0,0,0,0,1,3.1700341224670407,3.1700341224670407,19789
"Total","Wil Crowe","PIT",0.1,1,0,0,0,0,0,0,0,0,0,0,1,3.1124310016632077,3.1124310016632077,19800
"Total","Bryan Baker","BAL",0.1,1,27.00000027,0,1,0,1,0,1,0,0,0,1,-2.887569058336793,-2.887569058336793,19804
"Total","David McKay","DET",0,0,0,0,0,0,0,0,0,0,0,0,1,3.214009475708008,3.214009475708008,19814
"Total","Darwinzon Hernandez","BOS",0.2,2,13.50000014,0,1,0,0.5,0,0.5,0,0,0,1,0.19202176908752389,3.1758306218554715,19848
"Total","Michael King","NYY",0.1,1,0,0,0,0,0,0,0,0,0,0,1,3.1700341224670407,3.1700341224670407,19853
"Total","Kevin Ginkel","ARI",1.1,6,0,0,0,0,0,0,0,0.2,0.75,0.2,-0.5,5.442795438935281,7.876344092929509,19876
"Total","Alex Lange","DET",0.2,2,13.49999993,0,1,0,0.5,0,0.5,0,0,0,1,0.1124310166632081,0.1124310166632081,19883
"Total","Clarke Schmidt","NYY",0,0,0,0,0,0,0,0,0,0,0,0,1,3.112431001663208,3.112431001663208,19899
"Total","Adonis Medina","NYM",0.1,1,0,0,0,0,0,0,0,0,0,0,1,3.1124310016632077,3.1124310016632077,19903
"Total","Jose Suarez","LAA",0,0,0,0,0,0,0,0,0,0,0,0,1,3.170034122467041,3.170034122467041,19911
"Total","Trevor Stephan","CLE",0.1,1,0,0,0,0,0,0,0,0,0,0,1,3.2550403594970705,8.215095670947981,19932
"Total","Bryse Wilson","ATL",0.1,1,27.00000027,0,1,0,1,0,1,0,0,0,1,-2.808580744661865,-2.808580744661865,19990
"Total","Joel Kuhnel","CIN",0.2,3,0,0,0,0,0,0,0,0.5,1.49999999,0.33333333,0,3.112431001663208,7.553539191332629,19995
"Total","Tyler Wells","BAL",0.1,1,27.00000027,0,1,0,1,0,1,0,0,0,1,-2.8299659375329598,-2.8299659375329598,20000
"Total","Wyatt Mills","KCR",0.1,2,0,0,0,0,0,0,0,0.5,3.00000003,0.5,-2,3.1124310016632077,3.1124310016632077,20010
"Total","John Schreiber","BOS",0.1,1,27.00000027,0,1,0,1,0,1,0,0,0,1,-2.74495970050293,-2.74495970050293,20020
"Total","Adrian Morejon","SDP",0,0,0,0,0,0,0,0,0,0,0,0,1,3.112431001663208,3.112431001663208,20039
"Total","Ronald Bolanos","KCR",0,1,0,0,0,0,0,0,0,1,1,1,1,3.112431001663208,3.112431001663208,20041
"Total","Miguel Sanchez","MIL",0,1,0,9,0,0,0,1,-1,0,1,0,0,6.170034122467041,6.170034122467041,20074
"Total","Mauricio Llovera","2 Tms",0.1,1,27.00000027,0,1,0,1,0,1,0,0,0,1,-2.867821980066164,-2.867821980066164,20080
"Total","Adam Oller","OAK",0.1,1,0,0,0,0,0,0,0,0,0,0,1,3.1124310016632077,3.1124310016632077,20132
"Total","James Karinchak","CLE",0.1,1,27.00000027,0,1,0,1,0,1,0,0,0,1,-2.74495970050293,-2.74495970050293,20151
"Total","Nick Nelson","2 Tms",0,2,0,0,0,0,0,0,0,1,2,1,-1.5,3.1412325620651247,4.621601966023445,20153
"Total","Nate Pearson","TOR",0,0,0,0,0,0,0,0,0,0,0,0,1,3.2550403594970705,3.2550403594970705,20160
"Total","Chad Smith","COL",0,3,0,9,0,0,0,0.33333333,-0.33333333,1,3,1,0,6.112431001663208,6.112431001663208,20190
"Total","Garrett Whitlock","BOS",0.2,3,26.99999987,13.49999993,2,0,0.66666667,0.33333333,0.33333333,0,1.49999999,0,1,1.6700341299670411,1.6700341299670411,20191
"Total","Ben Bowden","COL",0.1,1,0,0,0,0,0,0,0,0,0,0,1,3.1700341224670407,8.46312055516437,20198
"Total","Eli Morgan","CLE",1,2,0,0,0,0,0,0,0,0,0,0,1,3.112431001663208,3.112431001663208,20203
"Total","Mike Baumann","BAL",0,0,0,0,0,0,0,0,0,0,0,0,1,3.112431001663208,3.112431001663208,20206
"Total","Jake Walsh","STL",0.1,1,27.00000027,0,1,0,1,0,1,0,0,0,1,-2.887569058336793,-2.887569058336793,20227
"Total","Jhonathan Diaz","LAA",0.1,1,0,0,0,0,0,0,0,0,0,0,1,3.2550403594970705,8.215095670947981,20298
"Total","Erich Uelmen","CHC",0.1,1,27.00000027,0,1,0,1,0,1,0,0,0,1,-2.887569058336793,-2.887569058336793,20323
"Total","Andre Scrubb","HOU",0.1,1,0,0,0,0,0,0,0,0,0,0,1,3.1700341224670407,8.46312055516437,20329
"Total","Matt Peacock","ARI",0,1,0,0,0,0,0,0,0,1,1,1,-1,3.170034122467041,3.170034122467041,20339
"Total","Zack Kelly","BOS",0.1,1,0,0,0,0,0,0,0,0,0,0,1,3.1124310016632077,7.553539257949252,20349
"Total","Steven Wilson","SDP",0.1,2,0,27.00000027,0,0,0,0.5,-0.5,0,3.00000003,0,1,12.112431091663208,16.553539347949254,20353
"Total","Greg Weissert","NYY",0,1,0,9,0,0,0,1,-1,0,1,0,0,6.112431001663208,6.112431001663208,20375
"Total","Tyler Zuber","KCR",0.2,2,13.50000014,0,1,0,0.5,0,0.5,0,0,0,1,0.18072668890258825,0.18072668890258825,20379
"Total","Jovani Moran","MIN",0,0,0,0,0,0,0,0,0,0,0,0,1,3.170034122467041,3.170034122467041,20422
"Total","Ryan Walker","SFG",0.1,3,27.00000027,0,1,0,0.33333333,0,0.33333333,0.666666666,6.00000006,1,0.5,-2.74495970050293,-2.74495970050293,20423
"Total","Enoli Paredes","HOU",0,1,0,0,0,0,0,0,0,1,1,1,-1,3.170034122467041,4.934396249055863,20447
"Total","Huascar Ynoa","ATL",0.1,1,27.00000027,0,1,0,1,0,1,0,0,0,1,-2.785990584291992,-2.785990584291992,20468
"Total","Kyle Nelson","ARI",0,0,0,0,0,0,0,0,0,0,0,0,1,3.2550403594970705,3.2550403594970705,20515
"Total","Nick Sandlin","CLE",0.1,1,0,0,0,0,0,0,0,0,0,0,1,3.2550403594970705,8.215095670947981,20517
"Total","Edwin Uceta","2 Tms",0.2,3,0,13.50000014,0,0,0,0.33333333,-0.33333333,0,1.50000002,0,0,7.641232607065124,12.508329951556812,20539
"Total","Grant Anderson","TEX",0,1,0,0,0,0,0,0,0,1,1,1,1,3.2550403594970705,3.2550403594970705,20546
"Total","Elvis Luciano","TOR",0.2,1,0,0,0,0,0,0,0,0,0,0,1,3.214009475708008,3.214009475708008,20632
"Total","Felix Bautista","BAL",0.1,2,0,27.00000027,0,0,0,0.5,-0.5,0,3.00000003,0,1,12.112431091663208,16.553539347949254,20666
"Total","Cristopher Sanchez","PHI",0.1,1,0,0,0,0,0,0,0,1,3.00000003,1,0,3.1124310016632077,3.1124310016632077,20778
"Total","Francisco Perez","OAK",0.1,2,27.00000027,27.00000027,1,0,0.5,0.5,0,0,3.00000003,0,0,6.25504038949707,6.25504038949707,21018
"Total","Oliver Ortega","LAA",0,0,0,0,0,0,0,0,0,0,0,0,1,3.112431001663208,3.112431001663208,21025
"Total","Emmanuel Clase","2 Tms",0.2,2,0,0,0,0,0,0,0,0,0,0,1,3.192021799087524,3.192021799087524,21032
"Total","Seth Martinez","HOU",0.1,1,0,0,0,0,0,0,0,0,0,0,1,3.1124310016632077,7.553539257949252,21045
"Total","Miguel Yajure","PIT",0,0,0,0,0,0,0,0,0,0,0,0,1,3.112431001663208,3.112431001663208,21111
"Total","Angel Felipe","OAK",0,0,0,0,0,0,0,0,0,0,0,0,1,3.2550403594970705,3.2550403594970705,21163
"Total","Darien Nunez","LAD",0,0,0,0,0,0,0,0,0,0,0,0,1,3.170034122467041,3.170034122467041,21197
"Total","Jake Bird","COL",0.1,1,0,0,0,0,0,0,0,0,0,0,1,3.2550403594970705,3.2550403594970705,21267
"Total","Tommy Doyle","COL",0,1,0,0,0,0,0,0,0,1,1,1,-1,3.191419315338135,5.119701024889946,21281
"Total","Lucas Gilbreath","COL",0.1,3,0,0,0,0,0,0,0,0,0,0,0,12.112431091663208,16.553539347949254,21290
"Total","Bennett Sousa","CHW",0.1,1,0,0,0,0,0,0,0,0,0,0,1,3.1124310016632077,7.553539257949252,21345
"Total","Yerry De Los Santos","PIT",0,1,0,0,0,0,0,0,0,1,1,1,-2,3.112431001663208,4.592800405621529,21420
"Total","Sean Hjelle","SFG",0.1,2,27.00000027,0,1,0,0.5,0,0.5,0.5,3.00000003,1,0,-2.74495970050293,-2.74495970050293,21481
"Total","Thaddeus Ward","WSN",0.2,2,13.49999993,0,1,0,0.5,0,0.5,0,0,0,1,0.25504037449706995,0.25504037449706995,21513
"Total","Reiss Knehr","SDP",0.2,1,0,0,0,0,0,0,0,0,0,0,1,3.112431001663208,3.112431001663208,21541
"Total","Jake Cousins","MIL",1,3,9,9,1,0,0.33333333,0.33333333,0,0,1,0,-1,4.212537240982056,5.865888994932175,21620
"Total","Elvis Peguero","MIL",1,2,0,0,0,0,0,0,0,0.5,1,0.5,-1,3.2550403594970705,3.2550403594970705,21652
"Total","Alex Speas","TEX",0,0,0,0,0,0,0,0,0,0,0,0,1,3.2550403594970705,3.2550403594970705,21859
"Total","George Soriano","MIA",0.1,1,0,0,0,0,0,0,0,0,0,0,1,3.2550403594970705,3.2550403594970705,21863
"Total","Gregory Santos","CHW",1,3,18,0,2,0,0.66666667,0,0.66666667,0,0,0,1,-0.7449596405029295,-0.7449596405029295,21894
"Total","John King","TEX",0.2,1,0,0,0,0,0,0,0,0,0,0,1,3.25504035949707,3.25504035949707,22051
"Total","Jose Soriano","LAA",0,1,0,0,0,0,0,0,0,1,1,1,-2,3.2550403594970705,3.2550403594970705,22100
"Total","MacKenzie Gore","SDP",0,0,0,0,0,0,0,0,0,0,0,0,1,3.112431001663208,3.112431001663208,22201
"Total","Jose E. Hernandez","PIT",0.2,1,0,0,0,0,0,0,0,0,0,0,1,3.25504035949707,3.25504035949707,22318
"Total","Josh Winckowski","BOS",0.1,1,0,0,0,0,0,0,0,0,0,0,1,3.2550403594970705,3.2550403594970705,22387
"Total","Carlos Hernandez","KCR",0,1,0,0,0,0,0,0,0,1,1,1,1,3.2550403594970705,3.2550403594970705,22713
"Total","Spencer Howard","PHI",0.1,1,0,0,0,0,0,0,0,0,0,0,1,3.1700341224670407,3.1700341224670407,23252
"Total","Cody Bolton","PIT",0.1,1,0,0,0,0,0,0,0,0,0,0,1,3.2550403594970705,3.2550403594970705,23265
"Total","Packy Naughton","STL",0.1,1,0,0,0,0,0,0,0,0,0,0,1,3.1124310016632077,7.553539257949252,23292
"Total","Collin Snider","KCR",0,0,0,0,0,0,0,0,0,0,0,0,1,3.112431001663208,3.112431001663208,23307
"Total","Jose Butto","NYM",0,0,0,0,0,0,0,0,0,0,0,0,1,3.2550403594970705,3.2550403594970705,23313
"Total","Robert Garcia","WSN",0.1,1,27.00000027,0,1,0,1,0,1,0,0,0,1,-2.74495970050293,-2.74495970050293,23363
"Total","Tom Cosgrove","SDP",0.1,1,0,0,0,0,0,0,0,0,0,0,1,3.2550403594970705,8.215095670947981,23443
"Total","Ron Marinaccio","NYY",0.2,4,0,13.49999993,0,0,0,0.25,-0.25,0,1.49999999,0,1,12.112430956663207,14.332985051497918,23488
"Total","Brett de Geus","ARI",0.2,2,0,13.49999993,0,0,0,0.5,-0.5,0,1.49999999,0,1,7.670034099967041,7.670034099967041,23592
"Total","Jose A. Ferrer","WSN",0.1,1,0,0,0,0,0,0,0,0,0,0,1,3.2550403594970705,3.2550403594970705,24017
"Total","Randy Vasquez","NYY",0.1,1,0,0,0,0,0,0,0,0,0,0,1,3.2550403594970705,8.215095670947981,24719
"Total","Alex Vesia","LAD",0.2,2,27.00000027,0,2,0,1,0,1,0,0,0,1,-2.8162643794198616,-2.8162643794198616,25007
"Total","Lane Ramsey","CHW",0.1,1,0,0,0,0,0,0,0,0,0,0,1,3.2550403594970705,8.215095670947981,25071
"Total","Nick Mears","PIT",0.1,1,0,0,0,0,0,0,0,0,0,0,1,3.1700341224670407,8.46312055516437,25376
"Total","Sam Long","2 Tms",1.1,6,0,0,0,0,0,0,0,0.75,2.25000001,0.5,0.33333333,3.219388020305997,5.5696788946130535,25379
"Total","Gavin Hollowell","COL",0.1,1,27.00000027,0,1,0,1,0,1,0,0,0,1,-2.887569058336793,-2.887569058336793,25427
"Total","Kevin Kelly","TBR",0.1,1,0,0,0,0,0,0,0,0,0,0,1,3.2550403594970705,3.2550403594970705,25679
"Total","Matt Brash","SEA",0.1,1,27.00000027,0,1,0,1,0,1,0,0,0,1,-2.74495970050293,-2.74495970050293,25756
"Total","Hunter Brown","HOU",0.1,1,0,0,0,0,0,0,0,0,0,0,1,3.1124310016632077,3.1124310016632077,25880
"Total","Andrew Nardi","MIA",0.1,1,27.00000027,0,1,0,1,0,1,0,0,0,1,-2.8519167191457195,-2.8519167191457195,25942
"Total","Brendan White","DET",0.2,1,0,0,0,0,0,0,0,0,0,0,1,3.25504035949707,3.25504035949707,26024
"Total","Kolton Ingram","LAA",0,0,0,0,0,0,0,0,0,0,0,0,1,3.2550403594970705,3.2550403594970705,26068
"Total","Andre Pallante","STL",0.1,1,0,0,0,0,0,0,0,0,0,0,1,3.2550403594970705,8.215095670947981,26108
"Total","Amos Willingham","WSN",0.1,1,0,0,0,0,0,0,0,0,0,0,1,3.2550403594970705,8.215095670947981,26128
"Total","Drey Jameson","ARI",0.1,1,27.00000027,0,1,0,1,0,1,0,0,0,1,-2.74495970050293,-2.74495970050293,26260
"Total","Hirokazu Sawamura","BOS",0,0,0,0,0,0,0,0,0,0,0,0,1,3.170034122467041,3.170034122467041,27515
"Total","Cody Bradford","TEX",0.1,1,0,0,0,0,0,0,0,0,0,0,1,3.2550403594970705,3.2550403594970705,27597
"Total","Ken Waldichuk","OAK",0.2,2,0,13.49999993,0,0,0,0.5,-0.5,0,1.49999999,0,0,7.7550403369970695,7.7550403369970695,27681
"Total","Brent Headrick","MIN",0,1,0,0,0,0,0,0,0,1,1,1,-2,3.2550403594970705,3.2550403594970705,27702
"Total","Bryce Elder","ATL",0.1,2,0,0,0,0,0,0,0,1,3.00000003,0.5,-1,3.1124310016632077,11.994647514235297,27779
"Total","Grant Hartwig","NYM",0,2,0,9,0,0,0,0.5,-0.5,0,1,0,0,9.25504035949707,9.25504035949707,29946
"Total","Robert Suarez","SDP",0.1,1,0,0,0,0,0,0,0,0,0,0,1,3.1124310016632077,7.553539257949252,30115
"Total","Shintaro Fujinami","OAK",0,0,0,0,0,0,0,0,0,0,0,0,1,3.2550403594970705,3.2550403594970705,31839